>>> Using config: config_overnight.yaml
Dataset loaded, 10000 trajectories, 1 variables, recurrent length 40
Training trajectories are normalized
Initial state shape (10000, 1). Future state sequence shape (10000, 1, 40).
Number of trainable parameters: 903

Number of epochs: 250
Batch size: 256
The model is trained on cpu
Epoch 50 --- Time: 21.79 seconds --- Training loss: 0.020461872458840027
Epoch 100 --- Time: 21.60 seconds --- Training loss: 0.02034523046742647
Epoch 150 --- Time: 21.72 seconds --- Training loss: 0.020260956186132554
Epoch 200 --- Time: 21.38 seconds --- Training loss: 0.020212909875389855
Epoch 250 --- Time: 21.44 seconds --- Training loss: 0.020208169443485063
Generator trainable parameters: 921
Critic    trainable parameters: 55041

Number of epochs: 70000
Batch size:       1000
Sequence length:  40
n_critic:         5
GP lambda:        10
Batches / epoch:  10
Checkpoint every: 1000 epochs
Hard-centering:   OFF
LR decay:         ON (cosine 5.0e-05 -> 1.0e-05)
The model is trained on cpu
Epoch 100 --- Time: 53.96s --- C loss: 0.008196 --- G loss: -0.210626 --- W gap: -0.008019 --- GP: 0.000018 --- C(real): 0.203949 --- C(fake): 0.211968 --- dy std real/fake: 0.035463/0.024594 --- dy mean real/fake: 0.007962/0.014471 --- updates C/G: 10/2
Epoch 200 --- Time: 54.19s --- C loss: 0.000383 --- G loss: -0.180548 --- W gap: -0.000247 --- GP: 0.000014 --- C(real): 0.179874 --- C(fake): 0.180121 --- dy std real/fake: 0.035464/0.020943 --- dy mean real/fake: 0.007962/0.006013 --- updates C/G: 10/2
Epoch 300 --- Time: 53.75s --- C loss: 0.006202 --- G loss: -0.201512 --- W gap: -0.006088 --- GP: 0.000011 --- C(real): 0.197573 --- C(fake): 0.203661 --- dy std real/fake: 0.035463/0.021437 --- dy mean real/fake: 0.007962/0.020198 --- updates C/G: 10/2
Epoch 400 --- Time: 55.01s --- C loss: 0.001330 --- G loss: -0.197865 --- W gap: -0.001243 --- GP: 0.000009 --- C(real): 0.196534 --- C(fake): 0.197778 --- dy std real/fake: 0.035463/0.019606 --- dy mean real/fake: 0.007962/0.010629 --- updates C/G: 10/2
Epoch 500 --- Time: 51.99s --- C loss: 0.000498 --- G loss: -0.187953 --- W gap: -0.000429 --- GP: 0.000007 --- C(real): 0.189054 --- C(fake): 0.189482 --- dy std real/fake: 0.035463/0.017647 --- dy mean real/fake: 0.007962/0.018409 --- updates C/G: 10/2
Epoch 600 --- Time: 54.75s --- C loss: -0.001667 --- G loss: -0.204671 --- W gap: 0.001734 --- GP: 0.000007 --- C(real): 0.207742 --- C(fake): 0.206008 --- dy std real/fake: 0.035463/0.017505 --- dy mean real/fake: 0.007962/0.005101 --- updates C/G: 10/2
Epoch 700 --- Time: 52.75s --- C loss: 0.010379 --- G loss: -0.250282 --- W gap: -0.010315 --- GP: 0.000006 --- C(real): 0.240348 --- C(fake): 0.250663 --- dy std real/fake: 0.035464/0.016683 --- dy mean real/fake: 0.007962/0.016767 --- updates C/G: 10/2
Epoch 800 --- Time: 55.58s --- C loss: 0.009219 --- G loss: -0.294147 --- W gap: -0.009142 --- GP: 0.000008 --- C(real): 0.288013 --- C(fake): 0.297155 --- dy std real/fake: 0.035463/0.016987 --- dy mean real/fake: 0.007962/0.026970 --- updates C/G: 10/2
Epoch 900 --- Time: 54.26s --- C loss: -0.015418 --- G loss: -0.341773 --- W gap: 0.015516 --- GP: 0.000010 --- C(real): 0.358746 --- C(fake): 0.343231 --- dy std real/fake: 0.035463/0.021619 --- dy mean real/fake: 0.007962/-0.017981 --- updates C/G: 10/2
Epoch 1000 --- Time: 54.25s --- C loss: -0.021344 --- G loss: -0.483359 --- W gap: 0.021438 --- GP: 0.000009 --- C(real): 0.505514 --- C(fake): 0.484076 --- dy std real/fake: 0.035464/0.021250 --- dy mean real/fake: 0.007962/0.004503 --- updates C/G: 10/2
Checkpoint epoch 1000 saved --- selection score: 0.422247 --- std rel err: 0.400800 --- mean abs err: 0.097544 --- best epoch: 1000
Epoch 1100 --- Time: 53.98s --- C loss: -0.011995 --- G loss: -0.581831 --- W gap: 0.012101 --- GP: 0.000011 --- C(real): 0.592840 --- C(fake): 0.580739 --- dy std real/fake: 0.035464/0.022626 --- dy mean real/fake: 0.007962/0.006226 --- updates C/G: 10/2
Epoch 1200 --- Time: 54.83s --- C loss: -0.019725 --- G loss: -0.634201 --- W gap: 0.019825 --- GP: 0.000010 --- C(real): 0.653291 --- C(fake): 0.633465 --- dy std real/fake: 0.035464/0.023862 --- dy mean real/fake: 0.007962/0.004894 --- updates C/G: 10/2
Epoch 1300 --- Time: 53.96s --- C loss: 0.013095 --- G loss: -0.716078 --- W gap: -0.012973 --- GP: 0.000012 --- C(real): 0.703037 --- C(fake): 0.716010 --- dy std real/fake: 0.035463/0.024521 --- dy mean real/fake: 0.007962/0.010751 --- updates C/G: 10/2
Epoch 1400 --- Time: 54.97s --- C loss: 0.016492 --- G loss: -0.763258 --- W gap: -0.016362 --- GP: 0.000013 --- C(real): 0.750815 --- C(fake): 0.767177 --- dy std real/fake: 0.035464/0.025181 --- dy mean real/fake: 0.007962/0.021200 --- updates C/G: 10/2
Epoch 1500 --- Time: 55.90s --- C loss: 0.013277 --- G loss: -0.705618 --- W gap: -0.013102 --- GP: 0.000017 --- C(real): 0.692792 --- C(fake): 0.705894 --- dy std real/fake: 0.035463/0.027879 --- dy mean real/fake: 0.007962/0.004995 --- updates C/G: 10/2
Epoch 1600 --- Time: 55.07s --- C loss: -0.003226 --- G loss: -0.839891 --- W gap: 0.003485 --- GP: 0.000026 --- C(real): 0.843618 --- C(fake): 0.840133 --- dy std real/fake: 0.035464/0.030079 --- dy mean real/fake: 0.007962/0.007683 --- updates C/G: 10/2
Epoch 1700 --- Time: 53.26s --- C loss: -0.001877 --- G loss: -0.720402 --- W gap: 0.002159 --- GP: 0.000028 --- C(real): 0.721042 --- C(fake): 0.718883 --- dy std real/fake: 0.035464/0.032896 --- dy mean real/fake: 0.007962/0.008000 --- updates C/G: 10/2
Epoch 1800 --- Time: 55.43s --- C loss: 0.009704 --- G loss: -0.855426 --- W gap: -0.009562 --- GP: 0.000014 --- C(real): 0.847050 --- C(fake): 0.856612 --- dy std real/fake: 0.035463/0.036142 --- dy mean real/fake: 0.007962/0.010030 --- updates C/G: 10/2
Epoch 1900 --- Time: 55.48s --- C loss: 0.012519 --- G loss: -0.676178 --- W gap: -0.012368 --- GP: 0.000015 --- C(real): 0.663318 --- C(fake): 0.675686 --- dy std real/fake: 0.035464/0.040369 --- dy mean real/fake: 0.007962/0.005385 --- updates C/G: 10/2
Epoch 2000 --- Time: 56.05s --- C loss: 0.007703 --- G loss: -0.743895 --- W gap: -0.007532 --- GP: 0.000017 --- C(real): 0.736789 --- C(fake): 0.744320 --- dy std real/fake: 0.035463/0.043377 --- dy mean real/fake: 0.007962/0.009444 --- updates C/G: 10/2
Checkpoint epoch 2000 saved --- selection score: 0.230686 --- std rel err: 0.223137 --- mean abs err: 0.041806 --- best epoch: 2000
Epoch 2100 --- Time: 57.64s --- C loss: -0.013339 --- G loss: -0.509456 --- W gap: 0.013515 --- GP: 0.000018 --- C(real): 0.522445 --- C(fake): 0.508930 --- dy std real/fake: 0.035464/0.046246 --- dy mean real/fake: 0.007962/0.010840 --- updates C/G: 10/2
Epoch 2200 --- Time: 55.18s --- C loss: -0.029053 --- G loss: -0.551054 --- W gap: 0.029218 --- GP: 0.000017 --- C(real): 0.583920 --- C(fake): 0.554702 --- dy std real/fake: 0.035463/0.050610 --- dy mean real/fake: 0.007962/-0.000251 --- updates C/G: 10/2
Epoch 2300 --- Time: 58.42s --- C loss: -0.003540 --- G loss: -0.494717 --- W gap: 0.003582 --- GP: 0.000004 --- C(real): 0.500537 --- C(fake): 0.496955 --- dy std real/fake: 0.035463/0.049065 --- dy mean real/fake: 0.007962/0.018860 --- updates C/G: 10/2
Epoch 2400 --- Time: 65.15s --- C loss: 0.019650 --- G loss: -0.403917 --- W gap: -0.019494 --- GP: 0.000016 --- C(real): 0.382882 --- C(fake): 0.402375 --- dy std real/fake: 0.035463/0.053192 --- dy mean real/fake: 0.007962/-0.001801 --- updates C/G: 10/2
Epoch 2500 --- Time: 64.89s --- C loss: 0.013275 --- G loss: -0.383809 --- W gap: -0.013192 --- GP: 0.000008 --- C(real): 0.369413 --- C(fake): 0.382604 --- dy std real/fake: 0.035464/0.049760 --- dy mean real/fake: 0.007962/0.016458 --- updates C/G: 10/2
Epoch 2600 --- Time: 64.66s --- C loss: -0.017572 --- G loss: -0.285988 --- W gap: 0.017714 --- GP: 0.000014 --- C(real): 0.304530 --- C(fake): 0.286816 --- dy std real/fake: 0.035463/0.050273 --- dy mean real/fake: 0.007962/0.000139 --- updates C/G: 10/2
Epoch 2700 --- Time: 65.32s --- C loss: 0.005517 --- G loss: -0.168865 --- W gap: -0.005207 --- GP: 0.000031 --- C(real): 0.161834 --- C(fake): 0.167041 --- dy std real/fake: 0.035463/0.046795 --- dy mean real/fake: 0.007962/0.005400 --- updates C/G: 10/2
Epoch 2800 --- Time: 64.84s --- C loss: -0.002520 --- G loss: -0.125534 --- W gap: 0.002865 --- GP: 0.000035 --- C(real): 0.130297 --- C(fake): 0.127432 --- dy std real/fake: 0.035463/0.042800 --- dy mean real/fake: 0.007962/0.008130 --- updates C/G: 10/2
Epoch 2900 --- Time: 64.63s --- C loss: 0.002856 --- G loss: -0.129894 --- W gap: -0.002558 --- GP: 0.000030 --- C(real): 0.125906 --- C(fake): 0.128465 --- dy std real/fake: 0.035463/0.039083 --- dy mean real/fake: 0.007962/0.005993 --- updates C/G: 10/2
Epoch 3000 --- Time: 64.47s --- C loss: -0.003361 --- G loss: -0.174348 --- W gap: 0.003388 --- GP: 0.000003 --- C(real): 0.176288 --- C(fake): 0.172900 --- dy std real/fake: 0.035463/0.035543 --- dy mean real/fake: 0.007962/0.003610 --- updates C/G: 10/2
Checkpoint epoch 3000 saved --- selection score: 0.005628 --- std rel err: 0.002238 --- mean abs err: 0.122723 --- best epoch: 3000
Epoch 3100 --- Time: 64.17s --- C loss: -0.002755 --- G loss: -0.181856 --- W gap: 0.002894 --- GP: 0.000014 --- C(real): 0.184021 --- C(fake): 0.181128 --- dy std real/fake: 0.035464/0.032036 --- dy mean real/fake: 0.007962/0.007667 --- updates C/G: 10/2
Epoch 3200 --- Time: 65.29s --- C loss: 0.002060 --- G loss: -0.182016 --- W gap: -0.002030 --- GP: 0.000003 --- C(real): 0.181669 --- C(fake): 0.183700 --- dy std real/fake: 0.035463/0.029353 --- dy mean real/fake: 0.007962/0.012415 --- updates C/G: 10/2
Epoch 3300 --- Time: 64.90s --- C loss: -0.009004 --- G loss: -0.130359 --- W gap: 0.009081 --- GP: 0.000008 --- C(real): 0.143552 --- C(fake): 0.134470 --- dy std real/fake: 0.035463/0.027498 --- dy mean real/fake: 0.007962/0.012136 --- updates C/G: 10/2
Epoch 3400 --- Time: 64.98s --- C loss: -0.008192 --- G loss: -0.120896 --- W gap: 0.008251 --- GP: 0.000006 --- C(real): 0.130739 --- C(fake): 0.122488 --- dy std real/fake: 0.035463/0.026149 --- dy mean real/fake: 0.007962/0.010447 --- updates C/G: 10/2
Epoch 3500 --- Time: 66.38s --- C loss: -0.010067 --- G loss: -0.130032 --- W gap: 0.010118 --- GP: 0.000005 --- C(real): 0.141369 --- C(fake): 0.131251 --- dy std real/fake: 0.035463/0.025057 --- dy mean real/fake: 0.007962/0.010842 --- updates C/G: 10/2
Epoch 3600 --- Time: 65.95s --- C loss: -0.014703 --- G loss: -0.151072 --- W gap: 0.014747 --- GP: 0.000004 --- C(real): 0.168537 --- C(fake): 0.153790 --- dy std real/fake: 0.035463/0.024442 --- dy mean real/fake: 0.007962/0.013780 --- updates C/G: 10/2
Epoch 3700 --- Time: 66.58s --- C loss: 0.004575 --- G loss: -0.229326 --- W gap: -0.004553 --- GP: 0.000002 --- C(real): 0.226622 --- C(fake): 0.231175 --- dy std real/fake: 0.035464/0.024028 --- dy mean real/fake: 0.007962/0.015711 --- updates C/G: 10/2
Epoch 3800 --- Time: 67.15s --- C loss: 0.002700 --- G loss: -0.252949 --- W gap: -0.002672 --- GP: 0.000003 --- C(real): 0.251276 --- C(fake): 0.253948 --- dy std real/fake: 0.035464/0.024055 --- dy mean real/fake: 0.007962/0.009143 --- updates C/G: 10/2
Epoch 3900 --- Time: 66.73s --- C loss: -0.015709 --- G loss: -0.242581 --- W gap: 0.015751 --- GP: 0.000004 --- C(real): 0.257731 --- C(fake): 0.241980 --- dy std real/fake: 0.035464/0.024563 --- dy mean real/fake: 0.007962/-0.000611 --- updates C/G: 10/2
Epoch 4000 --- Time: 66.63s --- C loss: 0.007611 --- G loss: -0.195502 --- W gap: -0.007523 --- GP: 0.000009 --- C(real): 0.186758 --- C(fake): 0.194281 --- dy std real/fake: 0.035463/0.024576 --- dy mean real/fake: 0.007962/0.005486 --- updates C/G: 10/2
Checkpoint epoch 4000 saved --- selection score: 0.314518 --- std rel err: 0.306987 --- mean abs err: 0.069816 --- best epoch: 3000
Epoch 4100 --- Time: 66.98s --- C loss: -0.014537 --- G loss: -0.234357 --- W gap: 0.014574 --- GP: 0.000004 --- C(real): 0.252489 --- C(fake): 0.237915 --- dy std real/fake: 0.035464/0.024606 --- dy mean real/fake: 0.007962/0.017155 --- updates C/G: 10/2
Epoch 4200 --- Time: 66.78s --- C loss: -0.000565 --- G loss: -0.299481 --- W gap: 0.000600 --- GP: 0.000003 --- C(real): 0.299328 --- C(fake): 0.298727 --- dy std real/fake: 0.035464/0.025644 --- dy mean real/fake: 0.007962/0.008347 --- updates C/G: 10/2
Epoch 4300 --- Time: 66.85s --- C loss: 0.003208 --- G loss: -0.289825 --- W gap: -0.003174 --- GP: 0.000003 --- C(real): 0.285242 --- C(fake): 0.288416 --- dy std real/fake: 0.035463/0.027288 --- dy mean real/fake: 0.007962/-0.001606 --- updates C/G: 10/2
Epoch 4400 --- Time: 66.29s --- C loss: -0.012796 --- G loss: -0.206993 --- W gap: 0.012858 --- GP: 0.000006 --- C(real): 0.220540 --- C(fake): 0.207682 --- dy std real/fake: 0.035464/0.027577 --- dy mean real/fake: 0.007962/0.010554 --- updates C/G: 10/2
Epoch 4500 --- Time: 66.51s --- C loss: 0.016451 --- G loss: -0.346096 --- W gap: -0.016406 --- GP: 0.000005 --- C(real): 0.331363 --- C(fake): 0.347768 --- dy std real/fake: 0.035464/0.028543 --- dy mean real/fake: 0.007962/0.016136 --- updates C/G: 10/2
Epoch 4600 --- Time: 66.94s --- C loss: -0.020114 --- G loss: -0.311357 --- W gap: 0.020195 --- GP: 0.000008 --- C(real): 0.332117 --- C(fake): 0.311922 --- dy std real/fake: 0.035464/0.030990 --- dy mean real/fake: 0.007962/0.003626 --- updates C/G: 10/2
Epoch 4700 --- Time: 66.94s --- C loss: 0.019670 --- G loss: -0.285316 --- W gap: -0.019591 --- GP: 0.000008 --- C(real): 0.264906 --- C(fake): 0.284496 --- dy std real/fake: 0.035464/0.033087 --- dy mean real/fake: 0.007962/0.000877 --- updates C/G: 10/2
Epoch 4800 --- Time: 64.03s --- C loss: -0.022049 --- G loss: -0.210571 --- W gap: 0.022246 --- GP: 0.000020 --- C(real): 0.234309 --- C(fake): 0.212062 --- dy std real/fake: 0.035463/0.034074 --- dy mean real/fake: 0.007962/0.013173 --- updates C/G: 10/2
Epoch 4900 --- Time: 64.34s --- C loss: 0.019896 --- G loss: -0.331577 --- W gap: -0.019821 --- GP: 0.000008 --- C(real): 0.312274 --- C(fake): 0.332094 --- dy std real/fake: 0.035464/0.036106 --- dy mean real/fake: 0.007962/0.013812 --- updates C/G: 10/2
Epoch 5000 --- Time: 64.65s --- C loss: -0.025255 --- G loss: -0.264978 --- W gap: 0.025393 --- GP: 0.000014 --- C(real): 0.291321 --- C(fake): 0.265928 --- dy std real/fake: 0.035464/0.040167 --- dy mean real/fake: 0.007962/0.000128 --- updates C/G: 10/2
Checkpoint epoch 5000 saved --- selection score: 0.158041 --- std rel err: 0.132634 --- mean abs err: 0.220911 --- best epoch: 3000
Epoch 5100 --- Time: 64.20s --- C loss: 0.003507 --- G loss: -0.162605 --- W gap: -0.003322 --- GP: 0.000018 --- C(real): 0.160233 --- C(fake): 0.163555 --- dy std real/fake: 0.035463/0.041360 --- dy mean real/fake: 0.007962/0.006977 --- updates C/G: 10/2
Epoch 5200 --- Time: 64.47s --- C loss: 0.018609 --- G loss: -0.245187 --- W gap: -0.018539 --- GP: 0.000007 --- C(real): 0.228043 --- C(fake): 0.246582 --- dy std real/fake: 0.035464/0.042228 --- dy mean real/fake: 0.007962/0.016039 --- updates C/G: 10/2
Epoch 5300 --- Time: 64.28s --- C loss: -0.023760 --- G loss: -0.164598 --- W gap: 0.023900 --- GP: 0.000014 --- C(real): 0.187920 --- C(fake): 0.164020 --- dy std real/fake: 0.035464/0.046302 --- dy mean real/fake: 0.007962/-0.000464 --- updates C/G: 10/2
Epoch 5400 --- Time: 64.84s --- C loss: -0.010329 --- G loss: -0.045279 --- W gap: 0.010564 --- GP: 0.000023 --- C(real): 0.055949 --- C(fake): 0.045386 --- dy std real/fake: 0.035464/0.045683 --- dy mean real/fake: 0.007962/0.010197 --- updates C/G: 10/2
Epoch 5500 --- Time: 65.15s --- C loss: 0.016132 --- G loss: -0.123991 --- W gap: -0.015991 --- GP: 0.000014 --- C(real): 0.109399 --- C(fake): 0.125390 --- dy std real/fake: 0.035463/0.045858 --- dy mean real/fake: 0.007962/0.013110 --- updates C/G: 10/2
Epoch 5600 --- Time: 64.25s --- C loss: -0.015700 --- G loss: -0.041404 --- W gap: 0.015803 --- GP: 0.000010 --- C(real): 0.054579 --- C(fake): 0.038776 --- dy std real/fake: 0.035463/0.047723 --- dy mean real/fake: 0.007962/0.000076 --- updates C/G: 10/2
Epoch 5700 --- Time: 64.63s --- C loss: 0.004537 --- G loss: 0.049925 --- W gap: -0.004321 --- GP: 0.000022 --- C(real): -0.052956 --- C(fake): -0.048635 --- dy std real/fake: 0.035464/0.046265 --- dy mean real/fake: 0.007962/0.006201 --- updates C/G: 10/2
Epoch 5800 --- Time: 65.41s --- C loss: -0.015023 --- G loss: 0.088153 --- W gap: 0.015261 --- GP: 0.000024 --- C(real): -0.071246 --- C(fake): -0.086506 --- dy std real/fake: 0.035463/0.044054 --- dy mean real/fake: 0.007962/0.013008 --- updates C/G: 10/2
Epoch 5900 --- Time: 64.98s --- C loss: -0.007451 --- G loss: 0.084364 --- W gap: 0.007488 --- GP: 0.000004 --- C(real): -0.074551 --- C(fake): -0.082040 --- dy std real/fake: 0.035463/0.042228 --- dy mean real/fake: 0.007962/0.014025 --- updates C/G: 10/2
Epoch 6000 --- Time: 65.38s --- C loss: -0.006048 --- G loss: 0.105729 --- W gap: 0.006076 --- GP: 0.000003 --- C(real): -0.098588 --- C(fake): -0.104664 --- dy std real/fake: 0.035464/0.040347 --- dy mean real/fake: 0.007962/0.013520 --- updates C/G: 10/2
Checkpoint epoch 6000 saved --- selection score: 0.143769 --- std rel err: 0.137690 --- mean abs err: 0.156738 --- best epoch: 3000
Epoch 6100 --- Time: 64.73s --- C loss: -0.011059 --- G loss: 0.146327 --- W gap: 0.011141 --- GP: 0.000008 --- C(real): -0.132870 --- C(fake): -0.144011 --- dy std real/fake: 0.035464/0.038177 --- dy mean real/fake: 0.007962/0.012482 --- updates C/G: 10/2
Epoch 6200 --- Time: 65.19s --- C loss: -0.006084 --- G loss: 0.162306 --- W gap: 0.006190 --- GP: 0.000011 --- C(real): -0.156526 --- C(fake): -0.162717 --- dy std real/fake: 0.035464/0.036226 --- dy mean real/fake: 0.007962/0.009182 --- updates C/G: 10/2
Epoch 6300 --- Time: 64.88s --- C loss: 0.006438 --- G loss: 0.148820 --- W gap: -0.006370 --- GP: 0.000007 --- C(real): -0.156098 --- C(fake): -0.149728 --- dy std real/fake: 0.035463/0.034598 --- dy mean real/fake: 0.007962/0.004783 --- updates C/G: 10/2
Epoch 6400 --- Time: 64.59s --- C loss: -0.001119 --- G loss: 0.133326 --- W gap: 0.001125 --- GP: 0.000001 --- C(real): -0.132345 --- C(fake): -0.133470 --- dy std real/fake: 0.035464/0.032971 --- dy mean real/fake: 0.007962/0.002225 --- updates C/G: 10/2
Epoch 6500 --- Time: 64.74s --- C loss: -0.013180 --- G loss: 0.115724 --- W gap: 0.013224 --- GP: 0.000004 --- C(real): -0.103386 --- C(fake): -0.116610 --- dy std real/fake: 0.035463/0.031419 --- dy mean real/fake: 0.007962/0.002962 --- updates C/G: 10/2
Epoch 6600 --- Time: 65.25s --- C loss: -0.012547 --- G loss: 0.099648 --- W gap: 0.012605 --- GP: 0.000006 --- C(real): -0.088340 --- C(fake): -0.100945 --- dy std real/fake: 0.035463/0.029956 --- dy mean real/fake: 0.007962/0.004520 --- updates C/G: 10/2
Epoch 6700 --- Time: 64.60s --- C loss: -0.012200 --- G loss: 0.091676 --- W gap: 0.012262 --- GP: 0.000006 --- C(real): -0.080174 --- C(fake): -0.092436 --- dy std real/fake: 0.035464/0.028882 --- dy mean real/fake: 0.007962/0.004885 --- updates C/G: 10/2
Epoch 6800 --- Time: 64.73s --- C loss: -0.016585 --- G loss: 0.094692 --- W gap: 0.016727 --- GP: 0.000014 --- C(real): -0.078535 --- C(fake): -0.095262 --- dy std real/fake: 0.035464/0.028271 --- dy mean real/fake: 0.007962/0.002967 --- updates C/G: 10/2
Epoch 6900 --- Time: 64.42s --- C loss: -0.012019 --- G loss: 0.107457 --- W gap: 0.012038 --- GP: 0.000002 --- C(real): -0.095988 --- C(fake): -0.108026 --- dy std real/fake: 0.035463/0.027767 --- dy mean real/fake: 0.007962/0.000417 --- updates C/G: 10/2
Epoch 7000 --- Time: 64.40s --- C loss: 0.013506 --- G loss: 0.114805 --- W gap: -0.013471 --- GP: 0.000004 --- C(real): -0.128151 --- C(fake): -0.114680 --- dy std real/fake: 0.035464/0.027309 --- dy mean real/fake: 0.007962/0.001217 --- updates C/G: 10/2
Checkpoint epoch 7000 saved --- selection score: 0.243429 --- std rel err: 0.229955 --- mean abs err: 0.190179 --- best epoch: 3000
Epoch 7100 --- Time: 64.95s --- C loss: -0.000560 --- G loss: 0.135198 --- W gap: 0.000612 --- GP: 0.000005 --- C(real): -0.133937 --- C(fake): -0.134549 --- dy std real/fake: 0.035463/0.026710 --- dy mean real/fake: 0.007962/0.007737 --- updates C/G: 10/2
Epoch 7200 --- Time: 65.44s --- C loss: -0.019345 --- G loss: 0.140397 --- W gap: 0.019409 --- GP: 0.000006 --- C(real): -0.119898 --- C(fake): -0.139307 --- dy std real/fake: 0.035463/0.026432 --- dy mean real/fake: 0.007962/0.015032 --- updates C/G: 10/2
Epoch 7300 --- Time: 65.02s --- C loss: 0.015020 --- G loss: 0.046231 --- W gap: -0.014991 --- GP: 0.000003 --- C(real): -0.058970 --- C(fake): -0.043980 --- dy std real/fake: 0.035463/0.026392 --- dy mean real/fake: 0.007962/0.014072 --- updates C/G: 10/2
Epoch 7400 --- Time: 65.56s --- C loss: -0.009428 --- G loss: 0.048784 --- W gap: 0.009518 --- GP: 0.000009 --- C(real): -0.039995 --- C(fake): -0.049514 --- dy std real/fake: 0.035464/0.027124 --- dy mean real/fake: 0.007962/0.005950 --- updates C/G: 10/2
Epoch 7500 --- Time: 66.59s --- C loss: -0.011817 --- G loss: 0.088290 --- W gap: 0.011836 --- GP: 0.000002 --- C(real): -0.077565 --- C(fake): -0.089400 --- dy std real/fake: 0.035464/0.027818 --- dy mean real/fake: 0.007962/0.000058 --- updates C/G: 10/2
Epoch 7600 --- Time: 64.78s --- C loss: 0.013757 --- G loss: 0.102701 --- W gap: -0.013698 --- GP: 0.000006 --- C(real): -0.116406 --- C(fake): -0.102708 --- dy std real/fake: 0.035463/0.028076 --- dy mean real/fake: 0.007962/0.003478 --- updates C/G: 10/2
Epoch 7700 --- Time: 65.96s --- C loss: -0.011412 --- G loss: 0.128800 --- W gap: 0.011618 --- GP: 0.000021 --- C(real): -0.117604 --- C(fake): -0.129222 --- dy std real/fake: 0.035463/0.028284 --- dy mean real/fake: 0.007962/0.010410 --- updates C/G: 10/2
Epoch 7800 --- Time: 65.22s --- C loss: -0.015319 --- G loss: 0.123072 --- W gap: 0.015392 --- GP: 0.000007 --- C(real): -0.105981 --- C(fake): -0.121373 --- dy std real/fake: 0.035463/0.028517 --- dy mean real/fake: 0.007962/0.015550 --- updates C/G: 10/2
Epoch 7900 --- Time: 65.70s --- C loss: 0.015044 --- G loss: 0.048365 --- W gap: -0.015012 --- GP: 0.000003 --- C(real): -0.061213 --- C(fake): -0.046201 --- dy std real/fake: 0.035464/0.029548 --- dy mean real/fake: 0.007962/0.014037 --- updates C/G: 10/2
Epoch 8000 --- Time: 66.18s --- C loss: 0.004023 --- G loss: 0.041924 --- W gap: -0.003929 --- GP: 0.000009 --- C(real): -0.044824 --- C(fake): -0.040895 --- dy std real/fake: 0.035464/0.030917 --- dy mean real/fake: 0.007962/0.009306 --- updates C/G: 10/2
Checkpoint epoch 8000 saved --- selection score: 0.132152 --- std rel err: 0.128214 --- mean abs err: 0.037904 --- best epoch: 3000
Epoch 8100 --- Time: 66.34s --- C loss: -0.016149 --- G loss: 0.069342 --- W gap: 0.016309 --- GP: 0.000016 --- C(real): -0.053713 --- C(fake): -0.070021 --- dy std real/fake: 0.035464/0.032436 --- dy mean real/fake: 0.007962/0.004376 --- updates C/G: 10/2
Epoch 8200 --- Time: 65.85s --- C loss: -0.018752 --- G loss: 0.108239 --- W gap: 0.018801 --- GP: 0.000005 --- C(real): -0.090003 --- C(fake): -0.108804 --- dy std real/fake: 0.035464/0.034250 --- dy mean real/fake: 0.007962/0.000821 --- updates C/G: 10/2
Epoch 8300 --- Time: 65.58s --- C loss: 0.010139 --- G loss: 0.130734 --- W gap: -0.010080 --- GP: 0.000006 --- C(real): -0.140957 --- C(fake): -0.130877 --- dy std real/fake: 0.035463/0.035919 --- dy mean real/fake: 0.007962/0.000661 --- updates C/G: 10/2
Epoch 8400 --- Time: 63.83s --- C loss: 0.012433 --- G loss: 0.146025 --- W gap: -0.012342 --- GP: 0.000009 --- C(real): -0.159061 --- C(fake): -0.146719 --- dy std real/fake: 0.035463/0.036937 --- dy mean real/fake: 0.007962/0.004303 --- updates C/G: 10/2
Epoch 8500 --- Time: 64.33s --- C loss: -0.004987 --- G loss: 0.176085 --- W gap: 0.005110 --- GP: 0.000012 --- C(real): -0.171928 --- C(fake): -0.177038 --- dy std real/fake: 0.035463/0.037867 --- dy mean real/fake: 0.007962/0.008783 --- updates C/G: 10/2
Epoch 8600 --- Time: 64.05s --- C loss: -0.020871 --- G loss: 0.215734 --- W gap: 0.021026 --- GP: 0.000015 --- C(real): -0.195578 --- C(fake): -0.216604 --- dy std real/fake: 0.035464/0.038842 --- dy mean real/fake: 0.007962/0.013277 --- updates C/G: 10/2
Epoch 8700 --- Time: 64.31s --- C loss: -0.005679 --- G loss: 0.220331 --- W gap: 0.005753 --- GP: 0.000007 --- C(real): -0.210177 --- C(fake): -0.215930 --- dy std real/fake: 0.035464/0.039873 --- dy mean real/fake: 0.007962/0.015674 --- updates C/G: 10/2
Epoch 8800 --- Time: 64.53s --- C loss: 0.016707 --- G loss: 0.164790 --- W gap: -0.016667 --- GP: 0.000004 --- C(real): -0.177876 --- C(fake): -0.161208 --- dy std real/fake: 0.035464/0.041337 --- dy mean real/fake: 0.007962/0.013459 --- updates C/G: 10/2
Epoch 8900 --- Time: 64.55s --- C loss: 0.003707 --- G loss: 0.174344 --- W gap: -0.003599 --- GP: 0.000011 --- C(real): -0.177614 --- C(fake): -0.174014 --- dy std real/fake: 0.035464/0.042695 --- dy mean real/fake: 0.007962/0.009125 --- updates C/G: 10/2
Epoch 9000 --- Time: 64.33s --- C loss: -0.011270 --- G loss: 0.223943 --- W gap: 0.011424 --- GP: 0.000015 --- C(real): -0.212412 --- C(fake): -0.223836 --- dy std real/fake: 0.035463/0.043780 --- dy mean real/fake: 0.007962/0.005516 --- updates C/G: 10/2
Checkpoint epoch 9000 saved --- selection score: 0.245949 --- std rel err: 0.234510 --- mean abs err: 0.068959 --- best epoch: 3000
Epoch 9100 --- Time: 64.53s --- C loss: -0.017329 --- G loss: 0.280671 --- W gap: 0.017567 --- GP: 0.000024 --- C(real): -0.265255 --- C(fake): -0.282822 --- dy std real/fake: 0.035464/0.044389 --- dy mean real/fake: 0.007962/0.003369 --- updates C/G: 10/2
Epoch 9200 --- Time: 64.47s --- C loss: -0.017278 --- G loss: 0.330382 --- W gap: 0.017392 --- GP: 0.000011 --- C(real): -0.316015 --- C(fake): -0.333407 --- dy std real/fake: 0.035463/0.044479 --- dy mean real/fake: 0.007962/0.002635 --- updates C/G: 10/2
Epoch 9300 --- Time: 64.10s --- C loss: -0.015772 --- G loss: 0.357465 --- W gap: 0.015923 --- GP: 0.000015 --- C(real): -0.345247 --- C(fake): -0.361170 --- dy std real/fake: 0.035463/0.043663 --- dy mean real/fake: 0.007962/0.003371 --- updates C/G: 10/2
Epoch 9400 --- Time: 64.51s --- C loss: -0.011091 --- G loss: 0.366756 --- W gap: 0.011289 --- GP: 0.000020 --- C(real): -0.355613 --- C(fake): -0.366903 --- dy std real/fake: 0.035463/0.042494 --- dy mean real/fake: 0.007962/0.005384 --- updates C/G: 10/2
Epoch 9500 --- Time: 64.23s --- C loss: 0.002699 --- G loss: 0.382386 --- W gap: -0.002614 --- GP: 0.000008 --- C(real): -0.383496 --- C(fake): -0.380882 --- dy std real/fake: 0.035463/0.040835 --- dy mean real/fake: 0.007962/0.009226 --- updates C/G: 10/2
Epoch 9600 --- Time: 65.25s --- C loss: 0.003544 --- G loss: 0.476752 --- W gap: -0.003529 --- GP: 0.000002 --- C(real): -0.478601 --- C(fake): -0.475072 --- dy std real/fake: 0.035464/0.039171 --- dy mean real/fake: 0.007962/0.012987 --- updates C/G: 10/2
Epoch 9700 --- Time: 65.48s --- C loss: -0.011512 --- G loss: 0.541797 --- W gap: 0.011722 --- GP: 0.000021 --- C(real): -0.532243 --- C(fake): -0.543965 --- dy std real/fake: 0.035464/0.038077 --- dy mean real/fake: 0.007962/0.011168 --- updates C/G: 10/2
Epoch 9800 --- Time: 65.56s --- C loss: 0.006706 --- G loss: 0.547339 --- W gap: -0.006669 --- GP: 0.000004 --- C(real): -0.551422 --- C(fake): -0.544753 --- dy std real/fake: 0.035463/0.037240 --- dy mean real/fake: 0.007962/0.004933 --- updates C/G: 10/2
Epoch 9900 --- Time: 64.17s --- C loss: -0.009135 --- G loss: 0.556330 --- W gap: 0.009179 --- GP: 0.000004 --- C(real): -0.550252 --- C(fake): -0.559431 --- dy std real/fake: 0.035464/0.036016 --- dy mean real/fake: 0.007962/0.002808 --- updates C/G: 10/2
Epoch 10000 --- Time: 64.20s --- C loss: -0.003272 --- G loss: 0.506248 --- W gap: 0.003326 --- GP: 0.000005 --- C(real): -0.503798 --- C(fake): -0.507124 --- dy std real/fake: 0.035463/0.034109 --- dy mean real/fake: 0.007962/0.007623 --- updates C/G: 10/2
Checkpoint epoch 10000 saved --- selection score: 0.041514 --- std rel err: 0.038183 --- mean abs err: 0.009556 --- best epoch: 3000
Epoch 10100 --- Time: 64.92s --- C loss: 0.007979 --- G loss: 0.559549 --- W gap: -0.007964 --- GP: 0.000002 --- C(real): -0.564374 --- C(fake): -0.556410 --- dy std real/fake: 0.035463/0.032720 --- dy mean real/fake: 0.007962/0.012662 --- updates C/G: 10/2
Epoch 10200 --- Time: 64.03s --- C loss: -0.009394 --- G loss: 0.648696 --- W gap: 0.009428 --- GP: 0.000003 --- C(real): -0.635355 --- C(fake): -0.644783 --- dy std real/fake: 0.035464/0.031723 --- dy mean real/fake: 0.007962/0.013813 --- updates C/G: 10/2
Epoch 10300 --- Time: 63.78s --- C loss: -0.014300 --- G loss: 0.663583 --- W gap: 0.014377 --- GP: 0.000008 --- C(real): -0.648392 --- C(fake): -0.662769 --- dy std real/fake: 0.035463/0.030978 --- dy mean real/fake: 0.007962/0.012422 --- updates C/G: 10/2
Epoch 10400 --- Time: 64.24s --- C loss: -0.013074 --- G loss: 0.674704 --- W gap: 0.013197 --- GP: 0.000012 --- C(real): -0.660459 --- C(fake): -0.673657 --- dy std real/fake: 0.035464/0.030374 --- dy mean real/fake: 0.007962/0.011492 --- updates C/G: 10/2
Epoch 10500 --- Time: 64.51s --- C loss: -0.014922 --- G loss: 0.694345 --- W gap: 0.014998 --- GP: 0.000008 --- C(real): -0.680699 --- C(fake): -0.695697 --- dy std real/fake: 0.035464/0.029793 --- dy mean real/fake: 0.007962/0.012153 --- updates C/G: 10/2
Epoch 10600 --- Time: 64.39s --- C loss: -0.015651 --- G loss: 0.720151 --- W gap: 0.015711 --- GP: 0.000006 --- C(real): -0.704977 --- C(fake): -0.720688 --- dy std real/fake: 0.035464/0.029220 --- dy mean real/fake: 0.007962/0.014276 --- updates C/G: 10/2
Epoch 10700 --- Time: 65.15s --- C loss: 0.003918 --- G loss: 0.699806 --- W gap: -0.003887 --- GP: 0.000003 --- C(real): -0.699101 --- C(fake): -0.695213 --- dy std real/fake: 0.035464/0.028904 --- dy mean real/fake: 0.007962/0.015148 --- updates C/G: 10/2
Epoch 10800 --- Time: 65.32s --- C loss: 0.008845 --- G loss: 0.649310 --- W gap: -0.008782 --- GP: 0.000006 --- C(real): -0.656899 --- C(fake): -0.648116 --- dy std real/fake: 0.035464/0.029011 --- dy mean real/fake: 0.007962/0.010943 --- updates C/G: 10/2
Epoch 10900 --- Time: 65.02s --- C loss: -0.016446 --- G loss: 0.712787 --- W gap: 0.016556 --- GP: 0.000011 --- C(real): -0.697223 --- C(fake): -0.713779 --- dy std real/fake: 0.035463/0.029494 --- dy mean real/fake: 0.007962/0.003716 --- updates C/G: 10/2
Epoch 11000 --- Time: 65.26s --- C loss: 0.011105 --- G loss: 0.803768 --- W gap: -0.011079 --- GP: 0.000003 --- C(real): -0.813767 --- C(fake): -0.802688 --- dy std real/fake: 0.035464/0.029946 --- dy mean real/fake: 0.007962/0.000932 --- updates C/G: 10/2
Checkpoint epoch 11000 saved --- selection score: 0.166665 --- std rel err: 0.155584 --- mean abs err: 0.198220 --- best epoch: 3000
Epoch 11100 --- Time: 65.03s --- C loss: -0.012625 --- G loss: 0.851016 --- W gap: 0.012965 --- GP: 0.000034 --- C(real): -0.837784 --- C(fake): -0.850750 --- dy std real/fake: 0.035464/0.029423 --- dy mean real/fake: 0.007962/0.010808 --- updates C/G: 10/2
Epoch 11200 --- Time: 65.28s --- C loss: 0.016089 --- G loss: 0.812545 --- W gap: -0.016020 --- GP: 0.000007 --- C(real): -0.823870 --- C(fake): -0.807850 --- dy std real/fake: 0.035463/0.029522 --- dy mean real/fake: 0.007962/0.014426 --- updates C/G: 10/2
Epoch 11300 --- Time: 65.04s --- C loss: -0.021128 --- G loss: 0.895047 --- W gap: 0.021654 --- GP: 0.000053 --- C(real): -0.873808 --- C(fake): -0.895462 --- dy std real/fake: 0.035464/0.031005 --- dy mean real/fake: 0.007962/0.001491 --- updates C/G: 10/2
Epoch 11400 --- Time: 65.00s --- C loss: 0.004752 --- G loss: 0.943775 --- W gap: -0.004672 --- GP: 0.000008 --- C(real): -0.947728 --- C(fake): -0.943056 --- dy std real/fake: 0.035463/0.031089 --- dy mean real/fake: 0.007962/0.006487 --- updates C/G: 10/2
Epoch 11500 --- Time: 65.32s --- C loss: 0.009816 --- G loss: 0.962055 --- W gap: -0.009762 --- GP: 0.000005 --- C(real): -0.969498 --- C(fake): -0.959736 --- dy std real/fake: 0.035463/0.030978 --- dy mean real/fake: 0.007962/0.015935 --- updates C/G: 10/2
Epoch 11600 --- Time: 65.45s --- C loss: -0.023606 --- G loss: 1.009117 --- W gap: 0.023832 --- GP: 0.000023 --- C(real): -0.985063 --- C(fake): -1.008895 --- dy std real/fake: 0.035463/0.032901 --- dy mean real/fake: 0.007962/0.001771 --- updates C/G: 10/2
Epoch 11700 --- Time: 65.47s --- C loss: 0.004298 --- G loss: 1.027194 --- W gap: -0.004223 --- GP: 0.000008 --- C(real): -1.029520 --- C(fake): -1.025297 --- dy std real/fake: 0.035464/0.033008 --- dy mean real/fake: 0.007962/0.006751 --- updates C/G: 10/2
Epoch 11800 --- Time: 65.26s --- C loss: 0.015288 --- G loss: 1.058271 --- W gap: -0.015226 --- GP: 0.000006 --- C(real): -1.069412 --- C(fake): -1.054186 --- dy std real/fake: 0.035464/0.032902 --- dy mean real/fake: 0.007962/0.015621 --- updates C/G: 10/2
Epoch 11900 --- Time: 65.07s --- C loss: -0.023625 --- G loss: 1.104668 --- W gap: 0.023903 --- GP: 0.000028 --- C(real): -1.082286 --- C(fake): -1.106189 --- dy std real/fake: 0.035464/0.034923 --- dy mean real/fake: 0.007962/0.001091 --- updates C/G: 10/2
Epoch 12000 --- Time: 65.42s --- C loss: 0.000258 --- G loss: 1.103455 --- W gap: -0.000211 --- GP: 0.000005 --- C(real): -1.103562 --- C(fake): -1.103351 --- dy std real/fake: 0.035463/0.034866 --- dy mean real/fake: 0.007962/0.007602 --- updates C/G: 10/2
Checkpoint epoch 12000 saved --- selection score: 0.017041 --- std rel err: 0.016825 --- mean abs err: 0.010135 --- best epoch: 3000
Epoch 12100 --- Time: 64.24s --- C loss: 0.013123 --- G loss: 1.154888 --- W gap: -0.013062 --- GP: 0.000006 --- C(real): -1.163443 --- C(fake): -1.150380 --- dy std real/fake: 0.035464/0.034772 --- dy mean real/fake: 0.007962/0.015388 --- updates C/G: 10/2
Epoch 12200 --- Time: 64.31s --- C loss: -0.021468 --- G loss: 1.154380 --- W gap: 0.021638 --- GP: 0.000017 --- C(real): -1.134534 --- C(fake): -1.156173 --- dy std real/fake: 0.035463/0.036613 --- dy mean real/fake: 0.007962/0.003072 --- updates C/G: 10/2
Epoch 12300 --- Time: 64.40s --- C loss: 0.014783 --- G loss: 1.192245 --- W gap: -0.014738 --- GP: 0.000004 --- C(real): -1.204214 --- C(fake): -1.189476 --- dy std real/fake: 0.035464/0.037209 --- dy mean real/fake: 0.007962/0.003737 --- updates C/G: 10/2
Epoch 12400 --- Time: 63.61s --- C loss: -0.021896 --- G loss: 1.272804 --- W gap: 0.022028 --- GP: 0.000013 --- C(real): -1.251699 --- C(fake): -1.273727 --- dy std real/fake: 0.035464/0.036782 --- dy mean real/fake: 0.007962/0.014109 --- updates C/G: 10/2
Epoch 12500 --- Time: 63.85s --- C loss: 0.013661 --- G loss: 1.200291 --- W gap: -0.013572 --- GP: 0.000009 --- C(real): -1.212057 --- C(fake): -1.198484 --- dy std real/fake: 0.035464/0.037539 --- dy mean real/fake: 0.007962/0.011849 --- updates C/G: 10/2
Epoch 12600 --- Time: 64.24s --- C loss: -0.019785 --- G loss: 1.285206 --- W gap: 0.021307 --- GP: 0.000152 --- C(real): -1.266998 --- C(fake): -1.288305 --- dy std real/fake: 0.035463/0.039353 --- dy mean real/fake: 0.007962/0.002249 --- updates C/G: 10/2
Epoch 12700 --- Time: 64.73s --- C loss: 0.015121 --- G loss: 1.331347 --- W gap: -0.015080 --- GP: 0.000004 --- C(real): -1.342848 --- C(fake): -1.327768 --- dy std real/fake: 0.035464/0.039844 --- dy mean real/fake: 0.007962/0.002803 --- updates C/G: 10/2
Epoch 12800 --- Time: 63.89s --- C loss: -0.009134 --- G loss: 1.354819 --- W gap: 0.009417 --- GP: 0.000028 --- C(real): -1.345899 --- C(fake): -1.355316 --- dy std real/fake: 0.035464/0.039512 --- dy mean real/fake: 0.007962/0.009829 --- updates C/G: 10/2
Epoch 12900 --- Time: 64.06s --- C loss: -0.013886 --- G loss: 1.457179 --- W gap: 0.014000 --- GP: 0.000011 --- C(real): -1.445700 --- C(fake): -1.459700 --- dy std real/fake: 0.035463/0.039444 --- dy mean real/fake: 0.007962/0.014495 --- updates C/G: 10/2
Epoch 13000 --- Time: 64.58s --- C loss: 0.011397 --- G loss: 1.415821 --- W gap: -0.011353 --- GP: 0.000004 --- C(real): -1.422401 --- C(fake): -1.411048 --- dy std real/fake: 0.035464/0.039948 --- dy mean real/fake: 0.007962/0.013408 --- updates C/G: 10/2
Checkpoint epoch 13000 saved --- selection score: 0.137803 --- std rel err: 0.126446 --- mean abs err: 0.153556 --- best epoch: 3000
Epoch 13100 --- Time: 65.26s --- C loss: 0.005987 --- G loss: 1.377525 --- W gap: -0.005893 --- GP: 0.000009 --- C(real): -1.380403 --- C(fake): -1.374510 --- dy std real/fake: 0.035463/0.040522 --- dy mean real/fake: 0.007962/0.009900 --- updates C/G: 10/2
Epoch 13200 --- Time: 65.32s --- C loss: -0.006641 --- G loss: 1.403221 --- W gap: 0.006885 --- GP: 0.000024 --- C(real): -1.398514 --- C(fake): -1.405399 --- dy std real/fake: 0.035463/0.041003 --- dy mean real/fake: 0.007962/0.006750 --- updates C/G: 10/2
Epoch 13300 --- Time: 64.87s --- C loss: -0.014328 --- G loss: 1.461145 --- W gap: 0.014489 --- GP: 0.000016 --- C(real): -1.450230 --- C(fake): -1.464719 --- dy std real/fake: 0.035464/0.041158 --- dy mean real/fake: 0.007962/0.004547 --- updates C/G: 10/2
Epoch 13400 --- Time: 64.83s --- C loss: -0.016258 --- G loss: 1.519649 --- W gap: 0.017654 --- GP: 0.000140 --- C(real): -1.504392 --- C(fake): -1.522045 --- dy std real/fake: 0.035463/0.041249 --- dy mean real/fake: 0.007962/0.003288 --- updates C/G: 10/2
Epoch 13500 --- Time: 64.45s --- C loss: -0.016773 --- G loss: 1.565529 --- W gap: 0.017008 --- GP: 0.000024 --- C(real): -1.555773 --- C(fake): -1.572781 --- dy std real/fake: 0.035463/0.041106 --- dy mean real/fake: 0.007962/0.002656 --- updates C/G: 10/2
Epoch 13600 --- Time: 64.06s --- C loss: -0.017017 --- G loss: 1.601074 --- W gap: 0.017146 --- GP: 0.000013 --- C(real): -1.588668 --- C(fake): -1.605813 --- dy std real/fake: 0.035463/0.040908 --- dy mean real/fake: 0.007962/0.002584 --- updates C/G: 10/2
Epoch 13700 --- Time: 64.19s --- C loss: -0.016823 --- G loss: 1.621807 --- W gap: 0.016948 --- GP: 0.000012 --- C(real): -1.609943 --- C(fake): -1.626891 --- dy std real/fake: 0.035464/0.040401 --- dy mean real/fake: 0.007962/0.002472 --- updates C/G: 10/2
Epoch 13800 --- Time: 64.32s --- C loss: -0.018037 --- G loss: 1.632821 --- W gap: 0.018149 --- GP: 0.000011 --- C(real): -1.622156 --- C(fake): -1.640305 --- dy std real/fake: 0.035464/0.039874 --- dy mean real/fake: 0.007962/0.002728 --- updates C/G: 10/2
Epoch 13900 --- Time: 63.37s --- C loss: -0.017644 --- G loss: 1.654098 --- W gap: 0.017750 --- GP: 0.000011 --- C(real): -1.643169 --- C(fake): -1.660918 --- dy std real/fake: 0.035463/0.039468 --- dy mean real/fake: 0.007962/0.002861 --- updates C/G: 10/2
Epoch 14000 --- Time: 64.35s --- C loss: -0.018006 --- G loss: 1.661494 --- W gap: 0.018114 --- GP: 0.000011 --- C(real): -1.651412 --- C(fake): -1.669526 --- dy std real/fake: 0.035464/0.038863 --- dy mean real/fake: 0.007962/0.003105 --- updates C/G: 10/2
Checkpoint epoch 14000 saved --- selection score: 0.113987 --- std rel err: 0.095862 --- mean abs err: 0.136950 --- best epoch: 3000
Epoch 14100 --- Time: 64.63s --- C loss: -0.017854 --- G loss: 1.678047 --- W gap: 0.017976 --- GP: 0.000012 --- C(real): -1.665869 --- C(fake): -1.683845 --- dy std real/fake: 0.035464/0.037956 --- dy mean real/fake: 0.007962/0.003204 --- updates C/G: 10/2
Epoch 14200 --- Time: 64.32s --- C loss: -0.018153 --- G loss: 1.687627 --- W gap: 0.018263 --- GP: 0.000011 --- C(real): -1.673431 --- C(fake): -1.691694 --- dy std real/fake: 0.035464/0.037179 --- dy mean real/fake: 0.007962/0.003355 --- updates C/G: 10/2
Epoch 14300 --- Time: 64.84s --- C loss: -0.017232 --- G loss: 1.697815 --- W gap: 0.017677 --- GP: 0.000045 --- C(real): -1.682696 --- C(fake): -1.700372 --- dy std real/fake: 0.035463/0.036645 --- dy mean real/fake: 0.007962/0.003530 --- updates C/G: 10/2
Epoch 14400 --- Time: 64.27s --- C loss: -0.017038 --- G loss: 1.701435 --- W gap: 0.017296 --- GP: 0.000026 --- C(real): -1.689323 --- C(fake): -1.706619 --- dy std real/fake: 0.035463/0.036019 --- dy mean real/fake: 0.007962/0.003878 --- updates C/G: 10/2
Epoch 14500 --- Time: 64.05s --- C loss: -0.015854 --- G loss: 1.704700 --- W gap: 0.016860 --- GP: 0.000101 --- C(real): -1.696972 --- C(fake): -1.713832 --- dy std real/fake: 0.035463/0.035537 --- dy mean real/fake: 0.007962/0.004031 --- updates C/G: 10/2
Epoch 14600 --- Time: 63.23s --- C loss: -0.014919 --- G loss: 1.711795 --- W gap: 0.015496 --- GP: 0.000058 --- C(real): -1.701907 --- C(fake): -1.717403 --- dy std real/fake: 0.035464/0.035101 --- dy mean real/fake: 0.007962/0.004498 --- updates C/G: 10/2
Epoch 14700 --- Time: 64.98s --- C loss: -0.013951 --- G loss: 1.715688 --- W gap: 0.014159 --- GP: 0.000021 --- C(real): -1.705174 --- C(fake): -1.719333 --- dy std real/fake: 0.035463/0.034589 --- dy mean real/fake: 0.007962/0.004933 --- updates C/G: 10/2
Epoch 14800 --- Time: 64.36s --- C loss: -0.012918 --- G loss: 1.718979 --- W gap: 0.012983 --- GP: 0.000007 --- C(real): -1.710699 --- C(fake): -1.723682 --- dy std real/fake: 0.035463/0.034146 --- dy mean real/fake: 0.007962/0.005192 --- updates C/G: 10/2
Epoch 14900 --- Time: 64.41s --- C loss: -0.012044 --- G loss: 1.727548 --- W gap: 0.012106 --- GP: 0.000006 --- C(real): -1.718564 --- C(fake): -1.730670 --- dy std real/fake: 0.035463/0.033758 --- dy mean real/fake: 0.007962/0.005638 --- updates C/G: 10/2
Epoch 15000 --- Time: 64.47s --- C loss: -0.009941 --- G loss: 1.729228 --- W gap: 0.010001 --- GP: 0.000006 --- C(real): -1.721400 --- C(fake): -1.731401 --- dy std real/fake: 0.035463/0.033402 --- dy mean real/fake: 0.007962/0.006033 --- updates C/G: 10/2
Checkpoint epoch 15000 saved --- selection score: 0.068127 --- std rel err: 0.058120 --- mean abs err: 0.054398 --- best epoch: 3000
Epoch 15100 --- Time: 64.59s --- C loss: -0.008406 --- G loss: 1.740761 --- W gap: 0.008467 --- GP: 0.000006 --- C(real): -1.733718 --- C(fake): -1.742186 --- dy std real/fake: 0.035463/0.033142 --- dy mean real/fake: 0.007962/0.006315 --- updates C/G: 10/2
Epoch 15200 --- Time: 65.59s --- C loss: -0.005304 --- G loss: 1.745560 --- W gap: 0.005365 --- GP: 0.000006 --- C(real): -1.739973 --- C(fake): -1.745337 --- dy std real/fake: 0.035464/0.032840 --- dy mean real/fake: 0.007962/0.007082 --- updates C/G: 10/2
Epoch 15300 --- Time: 64.97s --- C loss: -0.002048 --- G loss: 1.757227 --- W gap: 0.002307 --- GP: 0.000026 --- C(real): -1.753488 --- C(fake): -1.755795 --- dy std real/fake: 0.035463/0.032747 --- dy mean real/fake: 0.007962/0.007839 --- updates C/G: 10/2
Epoch 15400 --- Time: 65.52s --- C loss: 0.002548 --- G loss: 1.768808 --- W gap: -0.002326 --- GP: 0.000022 --- C(real): -1.768457 --- C(fake): -1.766131 --- dy std real/fake: 0.035463/0.032558 --- dy mean real/fake: 0.007962/0.008827 --- updates C/G: 10/2
Epoch 15500 --- Time: 63.93s --- C loss: 0.006680 --- G loss: 1.802258 --- W gap: -0.006648 --- GP: 0.000003 --- C(real): -1.803821 --- C(fake): -1.797173 --- dy std real/fake: 0.035464/0.032331 --- dy mean real/fake: 0.007962/0.009972 --- updates C/G: 10/2
Epoch 15600 --- Time: 65.29s --- C loss: 0.010598 --- G loss: 1.843839 --- W gap: -0.010573 --- GP: 0.000003 --- C(real): -1.847804 --- C(fake): -1.837231 --- dy std real/fake: 0.035464/0.032073 --- dy mean real/fake: 0.007962/0.011126 --- updates C/G: 10/2
Epoch 15700 --- Time: 65.17s --- C loss: 0.011412 --- G loss: 1.927238 --- W gap: -0.011382 --- GP: 0.000003 --- C(real): -1.929707 --- C(fake): -1.918325 --- dy std real/fake: 0.035463/0.031836 --- dy mean real/fake: 0.007962/0.012400 --- updates C/G: 10/2
Epoch 15800 --- Time: 64.47s --- C loss: 0.004466 --- G loss: 2.033325 --- W gap: -0.004420 --- GP: 0.000005 --- C(real): -2.029791 --- C(fake): -2.025372 --- dy std real/fake: 0.035463/0.031831 --- dy mean real/fake: 0.007962/0.013562 --- updates C/G: 10/2
Epoch 15900 --- Time: 65.07s --- C loss: -0.013276 --- G loss: 2.030731 --- W gap: 0.013318 --- GP: 0.000004 --- C(real): -2.024638 --- C(fake): -2.037956 --- dy std real/fake: 0.035464/0.031949 --- dy mean real/fake: 0.007962/0.013281 --- updates C/G: 10/2
Epoch 16000 --- Time: 64.28s --- C loss: -0.012039 --- G loss: 1.929542 --- W gap: 0.014238 --- GP: 0.000220 --- C(real): -1.927019 --- C(fake): -1.941257 --- dy std real/fake: 0.035463/0.032376 --- dy mean real/fake: 0.007962/0.011168 --- updates C/G: 10/2
Checkpoint epoch 16000 saved --- selection score: 0.101514 --- std rel err: 0.087057 --- mean abs err: 0.090411 --- best epoch: 3000
Epoch 16100 --- Time: 64.03s --- C loss: -0.002446 --- G loss: 1.909157 --- W gap: 0.002494 --- GP: 0.000005 --- C(real): -1.905924 --- C(fake): -1.908417 --- dy std real/fake: 0.035464/0.033005 --- dy mean real/fake: 0.007962/0.008262 --- updates C/G: 10/2
Epoch 16200 --- Time: 64.23s --- C loss: 0.009463 --- G loss: 1.970850 --- W gap: -0.009436 --- GP: 0.000003 --- C(real): -1.974295 --- C(fake): -1.964859 --- dy std real/fake: 0.035464/0.033536 --- dy mean real/fake: 0.007962/0.004880 --- updates C/G: 10/2
Epoch 16300 --- Time: 63.06s --- C loss: 0.001514 --- G loss: 2.119892 --- W gap: -0.001469 --- GP: 0.000005 --- C(real): -2.117672 --- C(fake): -2.116203 --- dy std real/fake: 0.035464/0.034178 --- dy mean real/fake: 0.007962/0.002338 --- updates C/G: 10/2
Epoch 16400 --- Time: 63.99s --- C loss: -0.017309 --- G loss: 1.992555 --- W gap: 0.017357 --- GP: 0.000005 --- C(real): -1.983127 --- C(fake): -2.000484 --- dy std real/fake: 0.035464/0.034415 --- dy mean real/fake: 0.007962/0.003730 --- updates C/G: 10/2
Epoch 16500 --- Time: 63.60s --- C loss: -0.000699 --- G loss: 1.922554 --- W gap: 0.000778 --- GP: 0.000008 --- C(real): -1.919798 --- C(fake): -1.920576 --- dy std real/fake: 0.035463/0.034159 --- dy mean real/fake: 0.007962/0.008178 --- updates C/G: 10/2
Epoch 16600 --- Time: 64.68s --- C loss: 0.009639 --- G loss: 2.094190 --- W gap: -0.009598 --- GP: 0.000004 --- C(real): -2.092022 --- C(fake): -2.082424 --- dy std real/fake: 0.035464/0.034081 --- dy mean real/fake: 0.007962/0.012730 --- updates C/G: 10/2
Epoch 16700 --- Time: 64.88s --- C loss: -0.014726 --- G loss: 2.091563 --- W gap: 0.014760 --- GP: 0.000003 --- C(real): -2.084838 --- C(fake): -2.099597 --- dy std real/fake: 0.035464/0.034572 --- dy mean real/fake: 0.007962/0.012308 --- updates C/G: 10/2
Epoch 16800 --- Time: 64.62s --- C loss: 0.001633 --- G loss: 2.012917 --- W gap: -0.001583 --- GP: 0.000005 --- C(real): -2.014124 --- C(fake): -2.012541 --- dy std real/fake: 0.035464/0.035673 --- dy mean real/fake: 0.007962/0.007169 --- updates C/G: 10/2
Epoch 16900 --- Time: 64.76s --- C loss: 0.004118 --- G loss: 2.193621 --- W gap: -0.004069 --- GP: 0.000005 --- C(real): -2.190805 --- C(fake): -2.186736 --- dy std real/fake: 0.035463/0.036806 --- dy mean real/fake: 0.007962/0.002873 --- updates C/G: 10/2
Epoch 17000 --- Time: 64.70s --- C loss: -0.009610 --- G loss: 2.021554 --- W gap: 0.009754 --- GP: 0.000014 --- C(real): -2.014510 --- C(fake): -2.024265 --- dy std real/fake: 0.035463/0.036825 --- dy mean real/fake: 0.007962/0.006063 --- updates C/G: 10/2
Checkpoint epoch 17000 saved --- selection score: 0.048164 --- std rel err: 0.038395 --- mean abs err: 0.053547 --- best epoch: 3000
Epoch 17100 --- Time: 64.47s --- C loss: 0.008257 --- G loss: 2.177418 --- W gap: -0.008210 --- GP: 0.000005 --- C(real): -2.176438 --- C(fake): -2.168228 --- dy std real/fake: 0.035464/0.036453 --- dy mean real/fake: 0.007962/0.012503 --- updates C/G: 10/2
Epoch 17200 --- Time: 65.25s --- C loss: -0.009174 --- G loss: 2.096143 --- W gap: 0.009223 --- GP: 0.000005 --- C(real): -2.088673 --- C(fake): -2.097896 --- dy std real/fake: 0.035463/0.037148 --- dy mean real/fake: 0.007962/0.010042 --- updates C/G: 10/2
Epoch 17300 --- Time: 64.50s --- C loss: 0.007067 --- G loss: 2.226065 --- W gap: -0.007031 --- GP: 0.000004 --- C(real): -2.223582 --- C(fake): -2.216550 --- dy std real/fake: 0.035463/0.038207 --- dy mean real/fake: 0.007962/0.003398 --- updates C/G: 10/2
Epoch 17400 --- Time: 64.27s --- C loss: -0.004369 --- G loss: 2.077289 --- W gap: 0.004434 --- GP: 0.000007 --- C(real): -2.072060 --- C(fake): -2.076495 --- dy std real/fake: 0.035463/0.037996 --- dy mean real/fake: 0.007962/0.007237 --- updates C/G: 10/2
Epoch 17500 --- Time: 64.02s --- C loss: -0.009032 --- G loss: 2.286287 --- W gap: 0.009100 --- GP: 0.000007 --- C(real): -2.282087 --- C(fake): -2.291187 --- dy std real/fake: 0.035463/0.037712 --- dy mean real/fake: 0.007962/0.012950 --- updates C/G: 10/2
Epoch 17600 --- Time: 65.16s --- C loss: 0.004796 --- G loss: 2.159223 --- W gap: -0.004759 --- GP: 0.000004 --- C(real): -2.159766 --- C(fake): -2.155008 --- dy std real/fake: 0.035464/0.038789 --- dy mean real/fake: 0.007962/0.006043 --- updates C/G: 10/2
Epoch 17700 --- Time: 64.18s --- C loss: -0.014351 --- G loss: 2.193725 --- W gap: 0.014415 --- GP: 0.000006 --- C(real): -2.188253 --- C(fake): -2.202668 --- dy std real/fake: 0.035463/0.039331 --- dy mean real/fake: 0.007962/0.004378 --- updates C/G: 10/2
Epoch 17800 --- Time: 64.80s --- C loss: 0.006925 --- G loss: 2.308989 --- W gap: -0.006869 --- GP: 0.000006 --- C(real): -2.305676 --- C(fake): -2.298807 --- dy std real/fake: 0.035464/0.038558 --- dy mean real/fake: 0.007962/0.012584 --- updates C/G: 10/2
Epoch 17900 --- Time: 65.20s --- C loss: -0.003116 --- G loss: 2.183382 --- W gap: 0.003175 --- GP: 0.000006 --- C(real): -2.180386 --- C(fake): -2.183561 --- dy std real/fake: 0.035463/0.038856 --- dy mean real/fake: 0.007962/0.008401 --- updates C/G: 10/2
Epoch 18000 --- Time: 65.62s --- C loss: -0.010349 --- G loss: 2.356994 --- W gap: 0.010406 --- GP: 0.000006 --- C(real): -2.354945 --- C(fake): -2.365352 --- dy std real/fake: 0.035464/0.039480 --- dy mean real/fake: 0.007962/0.003147 --- updates C/G: 10/2
Checkpoint epoch 18000 saved --- selection score: 0.123659 --- std rel err: 0.113247 --- mean abs err: 0.135763 --- best epoch: 3000
Epoch 18100 --- Time: 65.02s --- C loss: 0.007610 --- G loss: 2.285156 --- W gap: -0.007591 --- GP: 0.000002 --- C(real): -2.283960 --- C(fake): -2.276369 --- dy std real/fake: 0.035464/0.038427 --- dy mean real/fake: 0.007962/0.010934 --- updates C/G: 10/2
Epoch 18200 --- Time: 63.19s --- C loss: -0.005438 --- G loss: 2.250851 --- W gap: 0.005502 --- GP: 0.000006 --- C(real): -2.247040 --- C(fake): -2.252542 --- dy std real/fake: 0.035463/0.038239 --- dy mean real/fake: 0.007962/0.008910 --- updates C/G: 10/2
Epoch 18300 --- Time: 64.00s --- C loss: -0.013762 --- G loss: 2.370795 --- W gap: 0.013805 --- GP: 0.000004 --- C(real): -2.367859 --- C(fake): -2.381664 --- dy std real/fake: 0.035464/0.038488 --- dy mean real/fake: 0.007962/0.003683 --- updates C/G: 10/2
Epoch 18400 --- Time: 64.26s --- C loss: 0.007588 --- G loss: 2.416317 --- W gap: -0.007543 --- GP: 0.000005 --- C(real): -2.412217 --- C(fake): -2.404674 --- dy std real/fake: 0.035463/0.036959 --- dy mean real/fake: 0.007962/0.012144 --- updates C/G: 10/2
Epoch 18500 --- Time: 64.58s --- C loss: 0.001345 --- G loss: 2.313678 --- W gap: -0.001302 --- GP: 0.000004 --- C(real): -2.312135 --- C(fake): -2.310833 --- dy std real/fake: 0.035463/0.037106 --- dy mean real/fake: 0.007962/0.007093 --- updates C/G: 10/2
Epoch 18600 --- Time: 63.72s --- C loss: -0.013262 --- G loss: 2.355472 --- W gap: 0.013322 --- GP: 0.000006 --- C(real): -2.347865 --- C(fake): -2.361186 --- dy std real/fake: 0.035463/0.036813 --- dy mean real/fake: 0.007962/0.004948 --- updates C/G: 10/2
Epoch 18700 --- Time: 64.20s --- C loss: -0.001408 --- G loss: 2.539260 --- W gap: 0.001477 --- GP: 0.000007 --- C(real): -2.537466 --- C(fake): -2.538943 --- dy std real/fake: 0.035463/0.035557 --- dy mean real/fake: 0.007962/0.012910 --- updates C/G: 10/2
Epoch 18800 --- Time: 63.78s --- C loss: 0.003704 --- G loss: 2.382423 --- W gap: -0.003672 --- GP: 0.000003 --- C(real): -2.382831 --- C(fake): -2.379159 --- dy std real/fake: 0.035463/0.035786 --- dy mean real/fake: 0.007962/0.006431 --- updates C/G: 10/2
Epoch 18900 --- Time: 64.13s --- C loss: -0.012284 --- G loss: 2.407291 --- W gap: 0.012335 --- GP: 0.000005 --- C(real): -2.400966 --- C(fake): -2.413301 --- dy std real/fake: 0.035464/0.035547 --- dy mean real/fake: 0.007962/0.005172 --- updates C/G: 10/2
Epoch 19000 --- Time: 64.28s --- C loss: 0.001023 --- G loss: 2.592261 --- W gap: -0.000961 --- GP: 0.000006 --- C(real): -2.587109 --- C(fake): -2.586148 --- dy std real/fake: 0.035463/0.034480 --- dy mean real/fake: 0.007962/0.012765 --- updates C/G: 10/2
Checkpoint epoch 19000 saved --- selection score: 0.028680 --- std rel err: 0.027713 --- mean abs err: 0.135447 --- best epoch: 3000
Epoch 19100 --- Time: 64.79s --- C loss: 0.001531 --- G loss: 2.417667 --- W gap: -0.001302 --- GP: 0.000023 --- C(real): -2.415942 --- C(fake): -2.414640 --- dy std real/fake: 0.035464/0.034720 --- dy mean real/fake: 0.007962/0.007112 --- updates C/G: 10/2
Epoch 19200 --- Time: 64.56s --- C loss: -0.014802 --- G loss: 2.509638 --- W gap: 0.014839 --- GP: 0.000004 --- C(real): -2.503945 --- C(fake): -2.518784 --- dy std real/fake: 0.035464/0.034710 --- dy mean real/fake: 0.007962/0.003940 --- updates C/G: 10/2
Epoch 19300 --- Time: 63.60s --- C loss: 0.008674 --- G loss: 2.552519 --- W gap: -0.008639 --- GP: 0.000004 --- C(real): -2.549274 --- C(fake): -2.540635 --- dy std real/fake: 0.035463/0.033809 --- dy mean real/fake: 0.007962/0.011766 --- updates C/G: 10/2
Epoch 19400 --- Time: 64.28s --- C loss: -0.005969 --- G loss: 2.467379 --- W gap: 0.006122 --- GP: 0.000015 --- C(real): -2.462079 --- C(fake): -2.468201 --- dy std real/fake: 0.035463/0.033890 --- dy mean real/fake: 0.007962/0.009043 --- updates C/G: 10/2
Epoch 19500 --- Time: 64.22s --- C loss: -0.007222 --- G loss: 2.675331 --- W gap: 0.007281 --- GP: 0.000006 --- C(real): -2.672811 --- C(fake): -2.680092 --- dy std real/fake: 0.035464/0.034366 --- dy mean real/fake: 0.007962/0.003069 --- updates C/G: 10/2
Epoch 19600 --- Time: 64.04s --- C loss: 0.006679 --- G loss: 2.541634 --- W gap: -0.006653 --- GP: 0.000003 --- C(real): -2.540026 --- C(fake): -2.533373 --- dy std real/fake: 0.035464/0.033567 --- dy mean real/fake: 0.007962/0.010356 --- updates C/G: 10/2
Epoch 19700 --- Time: 64.12s --- C loss: -0.004452 --- G loss: 2.538408 --- W gap: 0.007767 --- GP: 0.000332 --- C(real): -2.530771 --- C(fake): -2.538538 --- dy std real/fake: 0.035464/0.033633 --- dy mean real/fake: 0.007962/0.009569 --- updates C/G: 10/2
Epoch 19800 --- Time: 65.40s --- C loss: -0.002570 --- G loss: 2.741503 --- W gap: 0.002625 --- GP: 0.000005 --- C(real): -2.738851 --- C(fake): -2.741476 --- dy std real/fake: 0.035463/0.034274 --- dy mean real/fake: 0.007962/0.003232 --- updates C/G: 10/2
Epoch 19900 --- Time: 65.36s --- C loss: 0.006538 --- G loss: 2.585833 --- W gap: -0.006513 --- GP: 0.000003 --- C(real): -2.584586 --- C(fake): -2.578072 --- dy std real/fake: 0.035463/0.033505 --- dy mean real/fake: 0.007962/0.010204 --- updates C/G: 10/2
Epoch 20000 --- Time: 65.41s --- C loss: -0.007760 --- G loss: 2.604848 --- W gap: 0.009757 --- GP: 0.000200 --- C(real): -2.593636 --- C(fake): -2.603393 --- dy std real/fake: 0.035464/0.033651 --- dy mean real/fake: 0.007962/0.010066 --- updates C/G: 10/2
Checkpoint epoch 20000 saved --- selection score: 0.061060 --- std rel err: 0.051103 --- mean abs err: 0.059337 --- best epoch: 3000
Epoch 20100 --- Time: 64.42s --- C loss: -0.001470 --- G loss: 2.798027 --- W gap: 0.001523 --- GP: 0.000005 --- C(real): -2.794818 --- C(fake): -2.796341 --- dy std real/fake: 0.035464/0.034481 --- dy mean real/fake: 0.007962/0.003208 --- updates C/G: 10/2
Epoch 20200 --- Time: 63.70s --- C loss: 0.006227 --- G loss: 2.646141 --- W gap: -0.006198 --- GP: 0.000003 --- C(real): -2.646026 --- C(fake): -2.639828 --- dy std real/fake: 0.035464/0.034042 --- dy mean real/fake: 0.007962/0.010210 --- updates C/G: 10/2
Epoch 20300 --- Time: 63.71s --- C loss: -0.007654 --- G loss: 2.649599 --- W gap: 0.007697 --- GP: 0.000004 --- C(real): -2.645008 --- C(fake): -2.652705 --- dy std real/fake: 0.035463/0.034265 --- dy mean real/fake: 0.007962/0.009452 --- updates C/G: 10/2
Epoch 20400 --- Time: 63.59s --- C loss: -0.011630 --- G loss: 2.796521 --- W gap: 0.011677 --- GP: 0.000005 --- C(real): -2.796419 --- C(fake): -2.808096 --- dy std real/fake: 0.035463/0.035158 --- dy mean real/fake: 0.007962/0.003749 --- updates C/G: 10/2
Epoch 20500 --- Time: 62.95s --- C loss: 0.005092 --- G loss: 2.838091 --- W gap: -0.005041 --- GP: 0.000005 --- C(real): -2.831912 --- C(fake): -2.826872 --- dy std real/fake: 0.035464/0.034513 --- dy mean real/fake: 0.007962/0.012084 --- updates C/G: 10/2
Epoch 20600 --- Time: 63.89s --- C loss: 0.004278 --- G loss: 2.732191 --- W gap: -0.004245 --- GP: 0.000003 --- C(real): -2.731893 --- C(fake): -2.727648 --- dy std real/fake: 0.035463/0.035336 --- dy mean real/fake: 0.007962/0.006225 --- updates C/G: 10/2
Epoch 20700 --- Time: 64.14s --- C loss: -0.008606 --- G loss: 2.711709 --- W gap: 0.008762 --- GP: 0.000016 --- C(real): -2.706109 --- C(fake): -2.714871 --- dy std real/fake: 0.035463/0.035646 --- dy mean real/fake: 0.007962/0.006277 --- updates C/G: 10/2
Epoch 20800 --- Time: 64.10s --- C loss: -0.011665 --- G loss: 2.888873 --- W gap: 0.011714 --- GP: 0.000005 --- C(real): -2.886602 --- C(fake): -2.898316 --- dy std real/fake: 0.035463/0.035288 --- dy mean real/fake: 0.007962/0.012345 --- updates C/G: 10/2
Epoch 20900 --- Time: 65.20s --- C loss: 0.006967 --- G loss: 2.874318 --- W gap: -0.006937 --- GP: 0.000003 --- C(real): -2.873008 --- C(fake): -2.866071 --- dy std real/fake: 0.035463/0.036589 --- dy mean real/fake: 0.007962/0.004478 --- updates C/G: 10/2
Epoch 21000 --- Time: 64.10s --- C loss: 0.001973 --- G loss: 2.776348 --- W gap: -0.001926 --- GP: 0.000005 --- C(real): -2.774167 --- C(fake): -2.772241 --- dy std real/fake: 0.035463/0.036264 --- dy mean real/fake: 0.007962/0.008931 --- updates C/G: 10/2
Checkpoint epoch 21000 saved --- selection score: 0.024504 --- std rel err: 0.022574 --- mean abs err: 0.027329 --- best epoch: 3000
Epoch 21100 --- Time: 66.06s --- C loss: -0.007180 --- G loss: 2.814845 --- W gap: 0.007298 --- GP: 0.000012 --- C(real): -2.808951 --- C(fake): -2.816250 --- dy std real/fake: 0.035464/0.036470 --- dy mean real/fake: 0.007962/0.009377 --- updates C/G: 10/2
Epoch 21200 --- Time: 65.79s --- C loss: -0.013010 --- G loss: 2.895885 --- W gap: 0.013052 --- GP: 0.000004 --- C(real): -2.891466 --- C(fake): -2.904517 --- dy std real/fake: 0.035464/0.037292 --- dy mean real/fake: 0.007962/0.004553 --- updates C/G: 10/2
Epoch 21300 --- Time: 66.61s --- C loss: -0.009839 --- G loss: 3.005673 --- W gap: 0.009893 --- GP: 0.000005 --- C(real): -3.006360 --- C(fake): -3.016253 --- dy std real/fake: 0.035463/0.036614 --- dy mean real/fake: 0.007962/0.012296 --- updates C/G: 10/2
Epoch 21400 --- Time: 66.66s --- C loss: 0.003308 --- G loss: 3.049496 --- W gap: -0.003261 --- GP: 0.000005 --- C(real): -3.045025 --- C(fake): -3.041763 --- dy std real/fake: 0.035463/0.037850 --- dy mean real/fake: 0.007962/0.003720 --- updates C/G: 10/2
Epoch 21500 --- Time: 64.14s --- C loss: 0.006272 --- G loss: 2.939582 --- W gap: -0.006243 --- GP: 0.000003 --- C(real): -2.938149 --- C(fake): -2.931906 --- dy std real/fake: 0.035464/0.037077 --- dy mean real/fake: 0.007962/0.010441 --- updates C/G: 10/2
Epoch 21600 --- Time: 65.10s --- C loss: -0.002866 --- G loss: 2.934610 --- W gap: 0.002914 --- GP: 0.000005 --- C(real): -2.929965 --- C(fake): -2.932880 --- dy std real/fake: 0.035464/0.037399 --- dy mean real/fake: 0.007962/0.008183 --- updates C/G: 10/2
Epoch 21700 --- Time: 64.76s --- C loss: -0.012006 --- G loss: 2.979029 --- W gap: 0.012076 --- GP: 0.000007 --- C(real): -2.973529 --- C(fake): -2.985605 --- dy std real/fake: 0.035464/0.037633 --- dy mean real/fake: 0.007962/0.005276 --- updates C/G: 10/2
Epoch 21800 --- Time: 64.28s --- C loss: -0.010709 --- G loss: 3.110250 --- W gap: 0.010758 --- GP: 0.000005 --- C(real): -3.109247 --- C(fake): -3.120005 --- dy std real/fake: 0.035464/0.036685 --- dy mean real/fake: 0.007962/0.012121 --- updates C/G: 10/2
Epoch 21900 --- Time: 64.67s --- C loss: 0.005258 --- G loss: 3.160446 --- W gap: -0.005217 --- GP: 0.000004 --- C(real): -3.154537 --- C(fake): -3.149320 --- dy std real/fake: 0.035464/0.037373 --- dy mean real/fake: 0.007962/0.003955 --- updates C/G: 10/2
Epoch 22000 --- Time: 63.59s --- C loss: 0.005424 --- G loss: 3.080446 --- W gap: -0.005395 --- GP: 0.000003 --- C(real): -3.078656 --- C(fake): -3.073261 --- dy std real/fake: 0.035464/0.036345 --- dy mean real/fake: 0.007962/0.010403 --- updates C/G: 10/2
Checkpoint epoch 22000 saved --- selection score: 0.030241 --- std rel err: 0.024844 --- mean abs err: 0.068835 --- best epoch: 3000
Epoch 22100 --- Time: 63.99s --- C loss: 0.001866 --- G loss: 3.081757 --- W gap: -0.001832 --- GP: 0.000003 --- C(real): -3.081119 --- C(fake): -3.079287 --- dy std real/fake: 0.035464/0.036574 --- dy mean real/fake: 0.007962/0.006676 --- updates C/G: 10/2
Epoch 22200 --- Time: 63.75s --- C loss: -0.001252 --- G loss: 3.082346 --- W gap: 0.001298 --- GP: 0.000005 --- C(real): -3.080062 --- C(fake): -3.081359 --- dy std real/fake: 0.035463/0.035917 --- dy mean real/fake: 0.007962/0.008255 --- updates C/G: 10/2
Epoch 22300 --- Time: 64.53s --- C loss: -0.003789 --- G loss: 3.120874 --- W gap: 0.003831 --- GP: 0.000004 --- C(real): -3.116160 --- C(fake): -3.119991 --- dy std real/fake: 0.035464/0.035585 --- dy mean real/fake: 0.007962/0.008483 --- updates C/G: 10/2
Epoch 22400 --- Time: 65.45s --- C loss: -0.008685 --- G loss: 3.158806 --- W gap: 0.008775 --- GP: 0.000009 --- C(real): -3.152088 --- C(fake): -3.160863 --- dy std real/fake: 0.035464/0.035519 --- dy mean real/fake: 0.007962/0.006047 --- updates C/G: 10/2
Epoch 22500 --- Time: 65.05s --- C loss: -0.011426 --- G loss: 3.241495 --- W gap: 0.011467 --- GP: 0.000004 --- C(real): -3.236803 --- C(fake): -3.248271 --- dy std real/fake: 0.035464/0.034912 --- dy mean real/fake: 0.007962/0.011047 --- updates C/G: 10/2
Epoch 22600 --- Time: 64.15s --- C loss: -0.009687 --- G loss: 3.333243 --- W gap: 0.009737 --- GP: 0.000005 --- C(real): -3.334425 --- C(fake): -3.344163 --- dy std real/fake: 0.035463/0.035424 --- dy mean real/fake: 0.007962/0.003999 --- updates C/G: 10/2
Epoch 22700 --- Time: 64.71s --- C loss: -0.006196 --- G loss: 3.405683 --- W gap: 0.006252 --- GP: 0.000006 --- C(real): -3.404360 --- C(fake): -3.410612 --- dy std real/fake: 0.035463/0.034352 --- dy mean real/fake: 0.007962/0.012212 --- updates C/G: 10/2
Epoch 22800 --- Time: 64.27s --- C loss: 0.004181 --- G loss: 3.408542 --- W gap: -0.004142 --- GP: 0.000004 --- C(real): -3.402755 --- C(fake): -3.398613 --- dy std real/fake: 0.035464/0.035089 --- dy mean real/fake: 0.007962/0.004079 --- updates C/G: 10/2
Epoch 22900 --- Time: 63.87s --- C loss: 0.006368 --- G loss: 3.373897 --- W gap: -0.006330 --- GP: 0.000004 --- C(real): -3.370754 --- C(fake): -3.364424 --- dy std real/fake: 0.035463/0.034170 --- dy mean real/fake: 0.007962/0.011105 --- updates C/G: 10/2
Epoch 23000 --- Time: 64.29s --- C loss: 0.005132 --- G loss: 3.354333 --- W gap: -0.005104 --- GP: 0.000003 --- C(real): -3.353854 --- C(fake): -3.348750 --- dy std real/fake: 0.035464/0.034665 --- dy mean real/fake: 0.007962/0.005718 --- updates C/G: 10/2
Checkpoint epoch 23000 saved --- selection score: 0.027624 --- std rel err: 0.022517 --- mean abs err: 0.063262 --- best epoch: 3000
Epoch 23100 --- Time: 64.81s --- C loss: 0.002166 --- G loss: 3.339784 --- W gap: -0.002121 --- GP: 0.000004 --- C(real): -3.337713 --- C(fake): -3.335592 --- dy std real/fake: 0.035463/0.034282 --- dy mean real/fake: 0.007962/0.009033 --- updates C/G: 10/2
Epoch 23200 --- Time: 64.49s --- C loss: -0.004407 --- G loss: 3.364031 --- W gap: 0.004450 --- GP: 0.000004 --- C(real): -3.360948 --- C(fake): -3.365398 --- dy std real/fake: 0.035464/0.034336 --- dy mean real/fake: 0.007962/0.008602 --- updates C/G: 10/2
Epoch 23300 --- Time: 65.20s --- C loss: -0.008575 --- G loss: 3.398500 --- W gap: 0.009309 --- GP: 0.000073 --- C(real): -3.395240 --- C(fake): -3.404550 --- dy std real/fake: 0.035464/0.034543 --- dy mean real/fake: 0.007962/0.006007 --- updates C/G: 10/2
Epoch 23400 --- Time: 64.84s --- C loss: -0.012266 --- G loss: 3.494138 --- W gap: 0.012317 --- GP: 0.000005 --- C(real): -3.490896 --- C(fake): -3.503213 --- dy std real/fake: 0.035464/0.033940 --- dy mean real/fake: 0.007962/0.011355 --- updates C/G: 10/2
Epoch 23500 --- Time: 64.47s --- C loss: -0.008523 --- G loss: 3.600268 --- W gap: 0.008575 --- GP: 0.000005 --- C(real): -3.600535 --- C(fake): -3.609111 --- dy std real/fake: 0.035464/0.034949 --- dy mean real/fake: 0.007962/0.003983 --- updates C/G: 10/2
Epoch 23600 --- Time: 64.81s --- C loss: 0.000566 --- G loss: 3.654937 --- W gap: -0.000518 --- GP: 0.000005 --- C(real): -3.651997 --- C(fake): -3.651479 --- dy std real/fake: 0.035463/0.034172 --- dy mean real/fake: 0.007962/0.012084 --- updates C/G: 10/2
Epoch 23700 --- Time: 65.09s --- C loss: 0.006268 --- G loss: 3.616585 --- W gap: -0.006229 --- GP: 0.000004 --- C(real): -3.612585 --- C(fake): -3.606356 --- dy std real/fake: 0.035464/0.035340 --- dy mean real/fake: 0.007962/0.004553 --- updates C/G: 10/2
Epoch 23800 --- Time: 64.34s --- C loss: 0.005876 --- G loss: 3.591781 --- W gap: -0.005835 --- GP: 0.000004 --- C(real): -3.588924 --- C(fake): -3.583089 --- dy std real/fake: 0.035463/0.034766 --- dy mean real/fake: 0.007962/0.010391 --- updates C/G: 10/2
Epoch 23900 --- Time: 64.13s --- C loss: 0.002979 --- G loss: 3.584361 --- W gap: -0.002942 --- GP: 0.000004 --- C(real): -3.583199 --- C(fake): -3.580257 --- dy std real/fake: 0.035463/0.035557 --- dy mean real/fake: 0.007962/0.006442 --- updates C/G: 10/2
Epoch 24000 --- Time: 63.38s --- C loss: 0.001019 --- G loss: 3.609879 --- W gap: -0.000973 --- GP: 0.000005 --- C(real): -3.606268 --- C(fake): -3.605295 --- dy std real/fake: 0.035464/0.035525 --- dy mean real/fake: 0.007962/0.008805 --- updates C/G: 10/2
Checkpoint epoch 24000 saved --- selection score: 0.002702 --- std rel err: 0.001725 --- mean abs err: 0.023786 --- best epoch: 24000
Epoch 24100 --- Time: 63.74s --- C loss: -0.000575 --- G loss: 3.633071 --- W gap: 0.000612 --- GP: 0.000004 --- C(real): -3.630040 --- C(fake): -3.630652 --- dy std real/fake: 0.035463/0.035754 --- dy mean real/fake: 0.007962/0.007615 --- updates C/G: 10/2
Epoch 24200 --- Time: 64.08s --- C loss: -0.002494 --- G loss: 3.654277 --- W gap: 0.004182 --- GP: 0.000169 --- C(real): -3.646156 --- C(fake): -3.650338 --- dy std real/fake: 0.035464/0.036092 --- dy mean real/fake: 0.007962/0.007411 --- updates C/G: 10/2
Epoch 24300 --- Time: 64.14s --- C loss: -0.008617 --- G loss: 3.708284 --- W gap: 0.009260 --- GP: 0.000064 --- C(real): -3.697590 --- C(fake): -3.706849 --- dy std real/fake: 0.035464/0.035999 --- dy mean real/fake: 0.007962/0.009877 --- updates C/G: 10/2
Epoch 24400 --- Time: 63.41s --- C loss: -0.011410 --- G loss: 3.764175 --- W gap: 0.011474 --- GP: 0.000006 --- C(real): -3.758078 --- C(fake): -3.769551 --- dy std real/fake: 0.035463/0.036830 --- dy mean real/fake: 0.007962/0.005140 --- updates C/G: 10/2
Epoch 24500 --- Time: 63.53s --- C loss: -0.011968 --- G loss: 3.819004 --- W gap: 0.012019 --- GP: 0.000005 --- C(real): -3.814569 --- C(fake): -3.826588 --- dy std real/fake: 0.035464/0.036170 --- dy mean real/fake: 0.007962/0.011382 --- updates C/G: 10/2
Epoch 24600 --- Time: 63.16s --- C loss: -0.005314 --- G loss: 3.939563 --- W gap: 0.005372 --- GP: 0.000006 --- C(real): -3.938722 --- C(fake): -3.944095 --- dy std real/fake: 0.035463/0.036968 --- dy mean real/fake: 0.007962/0.003753 --- updates C/G: 10/2
Epoch 24700 --- Time: 63.61s --- C loss: 0.004136 --- G loss: 3.947675 --- W gap: -0.004085 --- GP: 0.000005 --- C(real): -3.940875 --- C(fake): -3.936789 --- dy std real/fake: 0.035464/0.036230 --- dy mean real/fake: 0.007962/0.011790 --- updates C/G: 10/2
Epoch 24800 --- Time: 63.57s --- C loss: 0.005708 --- G loss: 3.909664 --- W gap: -0.005670 --- GP: 0.000004 --- C(real): -3.906239 --- C(fake): -3.900569 --- dy std real/fake: 0.035463/0.036943 --- dy mean real/fake: 0.007962/0.005060 --- updates C/G: 10/2
Epoch 24900 --- Time: 64.58s --- C loss: 0.003493 --- G loss: 3.918339 --- W gap: -0.003446 --- GP: 0.000005 --- C(real): -3.915715 --- C(fake): -3.912270 --- dy std real/fake: 0.035463/0.036415 --- dy mean real/fake: 0.007962/0.010016 --- updates C/G: 10/2
Epoch 25000 --- Time: 64.22s --- C loss: 0.004358 --- G loss: 3.947769 --- W gap: -0.004320 --- GP: 0.000004 --- C(real): -3.945701 --- C(fake): -3.941381 --- dy std real/fake: 0.035464/0.036764 --- dy mean real/fake: 0.007962/0.005700 --- updates C/G: 10/2
Checkpoint epoch 25000 saved --- selection score: 0.040983 --- std rel err: 0.036659 --- mean abs err: 0.063777 --- best epoch: 24000
Epoch 25100 --- Time: 64.37s --- C loss: 0.004374 --- G loss: 3.972248 --- W gap: -0.004327 --- GP: 0.000005 --- C(real): -3.970220 --- C(fake): -3.965893 --- dy std real/fake: 0.035463/0.036153 --- dy mean real/fake: 0.007962/0.009926 --- updates C/G: 10/2
Epoch 25200 --- Time: 64.65s --- C loss: 0.003907 --- G loss: 4.011108 --- W gap: -0.003870 --- GP: 0.000004 --- C(real): -4.008437 --- C(fake): -4.004567 --- dy std real/fake: 0.035464/0.036615 --- dy mean real/fake: 0.007962/0.005824 --- updates C/G: 10/2
Epoch 25300 --- Time: 64.38s --- C loss: 0.004827 --- G loss: 4.077503 --- W gap: -0.004779 --- GP: 0.000005 --- C(real): -4.074222 --- C(fake): -4.069443 --- dy std real/fake: 0.035463/0.035798 --- dy mean real/fake: 0.007962/0.010600 --- updates C/G: 10/2
Epoch 25400 --- Time: 63.66s --- C loss: 0.004115 --- G loss: 4.133532 --- W gap: -0.004073 --- GP: 0.000004 --- C(real): -4.128342 --- C(fake): -4.124268 --- dy std real/fake: 0.035464/0.036363 --- dy mean real/fake: 0.007962/0.004852 --- updates C/G: 10/2
Epoch 25500 --- Time: 64.28s --- C loss: -0.001003 --- G loss: 4.226811 --- W gap: 0.001052 --- GP: 0.000005 --- C(real): -4.223038 --- C(fake): -4.224090 --- dy std real/fake: 0.035464/0.035461 --- dy mean real/fake: 0.007962/0.011549 --- updates C/G: 10/2
Epoch 25600 --- Time: 64.12s --- C loss: -0.008313 --- G loss: 4.225908 --- W gap: 0.008373 --- GP: 0.000006 --- C(real): -4.224537 --- C(fake): -4.232910 --- dy std real/fake: 0.035463/0.036040 --- dy mean real/fake: 0.007962/0.004412 --- updates C/G: 10/2
Epoch 25700 --- Time: 64.99s --- C loss: -0.010486 --- G loss: 4.209020 --- W gap: 0.010537 --- GP: 0.000005 --- C(real): -4.206837 --- C(fake): -4.217374 --- dy std real/fake: 0.035463/0.035097 --- dy mean real/fake: 0.007962/0.011198 --- updates C/G: 10/2
Epoch 25800 --- Time: 64.75s --- C loss: -0.010188 --- G loss: 4.255909 --- W gap: 0.010249 --- GP: 0.000006 --- C(real): -4.253497 --- C(fake): -4.263746 --- dy std real/fake: 0.035463/0.035680 --- dy mean real/fake: 0.007962/0.004567 --- updates C/G: 10/2
Epoch 25900 --- Time: 65.21s --- C loss: -0.010499 --- G loss: 4.275046 --- W gap: 0.010553 --- GP: 0.000005 --- C(real): -4.271377 --- C(fake): -4.281930 --- dy std real/fake: 0.035464/0.034773 --- dy mean real/fake: 0.007962/0.011256 --- updates C/G: 10/2
Epoch 26000 --- Time: 64.20s --- C loss: -0.010976 --- G loss: 4.309869 --- W gap: 0.011043 --- GP: 0.000007 --- C(real): -4.308730 --- C(fake): -4.319773 --- dy std real/fake: 0.035463/0.035295 --- dy mean real/fake: 0.007962/0.004614 --- updates C/G: 10/2
Checkpoint epoch 26000 saved --- selection score: 0.015796 --- std rel err: 0.004746 --- mean abs err: 0.094402 --- best epoch: 24000
Epoch 26100 --- Time: 63.98s --- C loss: -0.010422 --- G loss: 4.329088 --- W gap: 0.010478 --- GP: 0.000006 --- C(real): -4.323828 --- C(fake): -4.334306 --- dy std real/fake: 0.035464/0.034519 --- dy mean real/fake: 0.007962/0.011023 --- updates C/G: 10/2
Epoch 26200 --- Time: 64.87s --- C loss: -0.010531 --- G loss: 4.365046 --- W gap: 0.010595 --- GP: 0.000006 --- C(real): -4.362312 --- C(fake): -4.372907 --- dy std real/fake: 0.035463/0.035209 --- dy mean real/fake: 0.007962/0.004927 --- updates C/G: 10/2
Epoch 26300 --- Time: 64.37s --- C loss: -0.010070 --- G loss: 4.366560 --- W gap: 0.010127 --- GP: 0.000006 --- C(real): -4.362675 --- C(fake): -4.372802 --- dy std real/fake: 0.035464/0.034584 --- dy mean real/fake: 0.007962/0.010518 --- updates C/G: 10/2
Epoch 26400 --- Time: 64.11s --- C loss: -0.008666 --- G loss: 4.386181 --- W gap: 0.008841 --- GP: 0.000017 --- C(real): -4.382195 --- C(fake): -4.391036 --- dy std real/fake: 0.035463/0.035042 --- dy mean real/fake: 0.007962/0.006020 --- updates C/G: 10/2
Epoch 26500 --- Time: 64.10s --- C loss: -0.006611 --- G loss: 4.394981 --- W gap: 0.006848 --- GP: 0.000024 --- C(real): -4.391298 --- C(fake): -4.398146 --- dy std real/fake: 0.035463/0.034641 --- dy mean real/fake: 0.007962/0.009265 --- updates C/G: 10/2
Epoch 26600 --- Time: 64.12s --- C loss: -0.003640 --- G loss: 4.420463 --- W gap: 0.004022 --- GP: 0.000038 --- C(real): -4.419827 --- C(fake): -4.423849 --- dy std real/fake: 0.035463/0.034896 --- dy mean real/fake: 0.007962/0.007478 --- updates C/G: 10/2
Epoch 26700 --- Time: 64.19s --- C loss: 0.000980 --- G loss: 4.454304 --- W gap: -0.000928 --- GP: 0.000005 --- C(real): -4.451607 --- C(fake): -4.450680 --- dy std real/fake: 0.035463/0.034896 --- dy mean real/fake: 0.007962/0.006982 --- updates C/G: 10/2
Epoch 26800 --- Time: 63.57s --- C loss: 0.004045 --- G loss: 4.552800 --- W gap: -0.003993 --- GP: 0.000005 --- C(real): -4.550031 --- C(fake): -4.546039 --- dy std real/fake: 0.035463/0.034633 --- dy mean real/fake: 0.007962/0.010466 --- updates C/G: 10/2
Epoch 26900 --- Time: 63.97s --- C loss: 0.000035 --- G loss: 4.654068 --- W gap: 0.000015 --- GP: 0.000005 --- C(real): -4.648959 --- C(fake): -4.648974 --- dy std real/fake: 0.035464/0.035505 --- dy mean real/fake: 0.007962/0.004526 --- updates C/G: 10/2
Epoch 27000 --- Time: 63.64s --- C loss: -0.009075 --- G loss: 4.636436 --- W gap: 0.009135 --- GP: 0.000006 --- C(real): -4.634574 --- C(fake): -4.643709 --- dy std real/fake: 0.035464/0.034980 --- dy mean real/fake: 0.007962/0.011110 --- updates C/G: 10/2
Checkpoint epoch 27000 saved --- selection score: 0.022772 --- std rel err: 0.013632 --- mean abs err: 0.088768 --- best epoch: 24000
Epoch 27100 --- Time: 63.38s --- C loss: -0.008396 --- G loss: 4.606758 --- W gap: 0.008476 --- GP: 0.000008 --- C(real): -4.603030 --- C(fake): -4.611506 --- dy std real/fake: 0.035464/0.035706 --- dy mean real/fake: 0.007962/0.006131 --- updates C/G: 10/2
Epoch 27200 --- Time: 63.58s --- C loss: -0.001171 --- G loss: 4.606899 --- W gap: 0.001225 --- GP: 0.000005 --- C(real): -4.604546 --- C(fake): -4.605771 --- dy std real/fake: 0.035463/0.035795 --- dy mean real/fake: 0.007962/0.007594 --- updates C/G: 10/2
Epoch 27300 --- Time: 63.26s --- C loss: 0.003407 --- G loss: 4.735300 --- W gap: -0.003352 --- GP: 0.000005 --- C(real): -4.730345 --- C(fake): -4.726993 --- dy std real/fake: 0.035463/0.035623 --- dy mean real/fake: 0.007962/0.010547 --- updates C/G: 10/2
Epoch 27400 --- Time: 64.66s --- C loss: -0.007731 --- G loss: 4.797124 --- W gap: 0.007796 --- GP: 0.000006 --- C(real): -4.794463 --- C(fake): -4.802259 --- dy std real/fake: 0.035463/0.036309 --- dy mean real/fake: 0.007962/0.004674 --- updates C/G: 10/2
Epoch 27500 --- Time: 63.39s --- C loss: -0.005781 --- G loss: 4.713896 --- W gap: 0.005863 --- GP: 0.000008 --- C(real): -4.710056 --- C(fake): -4.715920 --- dy std real/fake: 0.035463/0.035875 --- dy mean real/fake: 0.007962/0.008986 --- updates C/G: 10/2
Epoch 27600 --- Time: 64.16s --- C loss: 0.003215 --- G loss: 4.788515 --- W gap: -0.003156 --- GP: 0.000006 --- C(real): -4.785405 --- C(fake): -4.782249 --- dy std real/fake: 0.035464/0.035645 --- dy mean real/fake: 0.007962/0.009735 --- updates C/G: 10/2
Epoch 27700 --- Time: 64.29s --- C loss: -0.003692 --- G loss: 4.912603 --- W gap: 0.003751 --- GP: 0.000006 --- C(real): -4.909276 --- C(fake): -4.913027 --- dy std real/fake: 0.035463/0.036459 --- dy mean real/fake: 0.007962/0.004547 --- updates C/G: 10/2
Epoch 27800 --- Time: 64.46s --- C loss: -0.007185 --- G loss: 4.833190 --- W gap: 0.007256 --- GP: 0.000007 --- C(real): -4.828854 --- C(fake): -4.836110 --- dy std real/fake: 0.035464/0.035827 --- dy mean real/fake: 0.007962/0.009741 --- updates C/G: 10/2
Epoch 27900 --- Time: 64.83s --- C loss: 0.001973 --- G loss: 4.879382 --- W gap: -0.001908 --- GP: 0.000007 --- C(real): -4.876819 --- C(fake): -4.874911 --- dy std real/fake: 0.035463/0.035971 --- dy mean real/fake: 0.007962/0.009374 --- updates C/G: 10/2
Epoch 28000 --- Time: 64.85s --- C loss: -0.006807 --- G loss: 4.996630 --- W gap: 0.006874 --- GP: 0.000007 --- C(real): -4.993537 --- C(fake): -5.000411 --- dy std real/fake: 0.035464/0.036572 --- dy mean real/fake: 0.007962/0.004757 --- updates C/G: 10/2
Checkpoint epoch 28000 saved --- selection score: 0.038148 --- std rel err: 0.031267 --- mean abs err: 0.090383 --- best epoch: 24000
Epoch 28100 --- Time: 64.13s --- C loss: -0.004460 --- G loss: 4.907679 --- W gap: 0.004550 --- GP: 0.000009 --- C(real): -4.903168 --- C(fake): -4.907718 --- dy std real/fake: 0.035464/0.035928 --- dy mean real/fake: 0.007962/0.008562 --- updates C/G: 10/2
Epoch 28200 --- Time: 64.76s --- C loss: 0.002655 --- G loss: 5.035954 --- W gap: -0.002597 --- GP: 0.000006 --- C(real): -5.031668 --- C(fake): -5.029071 --- dy std real/fake: 0.035464/0.035604 --- dy mean real/fake: 0.007962/0.010718 --- updates C/G: 10/2
Epoch 28300 --- Time: 64.52s --- C loss: -0.007909 --- G loss: 5.018197 --- W gap: 0.008050 --- GP: 0.000014 --- C(real): -5.013328 --- C(fake): -5.021378 --- dy std real/fake: 0.035463/0.035948 --- dy mean real/fake: 0.007962/0.006170 --- updates C/G: 10/2
Epoch 28400 --- Time: 64.61s --- C loss: 0.002837 --- G loss: 5.056903 --- W gap: -0.002780 --- GP: 0.000006 --- C(real): -5.052631 --- C(fake): -5.049851 --- dy std real/fake: 0.035463/0.035986 --- dy mean real/fake: 0.007962/0.005621 --- updates C/G: 10/2
Epoch 28500 --- Time: 63.85s --- C loss: -0.006962 --- G loss: 5.061006 --- W gap: 0.007220 --- GP: 0.000026 --- C(real): -5.059445 --- C(fake): -5.066665 --- dy std real/fake: 0.035463/0.035527 --- dy mean real/fake: 0.007962/0.009732 --- updates C/G: 10/2
Epoch 28600 --- Time: 63.69s --- C loss: 0.002818 --- G loss: 5.147975 --- W gap: -0.002758 --- GP: 0.000006 --- C(real): -5.144374 --- C(fake): -5.141616 --- dy std real/fake: 0.035463/0.035326 --- dy mean real/fake: 0.007962/0.010248 --- updates C/G: 10/2
Epoch 28700 --- Time: 64.77s --- C loss: -0.006736 --- G loss: 5.125436 --- W gap: 0.006839 --- GP: 0.000010 --- C(real): -5.123565 --- C(fake): -5.130404 --- dy std real/fake: 0.035463/0.035725 --- dy mean real/fake: 0.007962/0.006742 --- updates C/G: 10/2
Epoch 28800 --- Time: 64.05s --- C loss: 0.001361 --- G loss: 5.228646 --- W gap: -0.001303 --- GP: 0.000006 --- C(real): -5.220736 --- C(fake): -5.219433 --- dy std real/fake: 0.035464/0.035793 --- dy mean real/fake: 0.007962/0.005093 --- updates C/G: 10/2
Epoch 28900 --- Time: 64.30s --- C loss: -0.003548 --- G loss: 5.164007 --- W gap: 0.005355 --- GP: 0.000181 --- C(real): -5.160221 --- C(fake): -5.165576 --- dy std real/fake: 0.035464/0.035243 --- dy mean real/fake: 0.007962/0.008835 --- updates C/G: 10/2
Epoch 29000 --- Time: 64.43s --- C loss: 0.000609 --- G loss: 5.312414 --- W gap: -0.000549 --- GP: 0.000006 --- C(real): -5.305707 --- C(fake): -5.305158 --- dy std real/fake: 0.035464/0.035139 --- dy mean real/fake: 0.007962/0.011075 --- updates C/G: 10/2
Checkpoint epoch 29000 saved --- selection score: 0.009711 --- std rel err: 0.009156 --- mean abs err: 0.087789 --- best epoch: 24000
Epoch 29100 --- Time: 64.35s --- C loss: -0.003446 --- G loss: 5.243282 --- W gap: 0.004648 --- GP: 0.000120 --- C(real): -5.238745 --- C(fake): -5.243393 --- dy std real/fake: 0.035464/0.035498 --- dy mean real/fake: 0.007962/0.007325 --- updates C/G: 10/2
Epoch 29200 --- Time: 63.82s --- C loss: -0.001394 --- G loss: 5.373780 --- W gap: 0.001460 --- GP: 0.000007 --- C(real): -5.367345 --- C(fake): -5.368805 --- dy std real/fake: 0.035463/0.035825 --- dy mean real/fake: 0.007962/0.004905 --- updates C/G: 10/2
Epoch 29300 --- Time: 64.55s --- C loss: -0.002044 --- G loss: 5.289937 --- W gap: 0.002106 --- GP: 0.000006 --- C(real): -5.287484 --- C(fake): -5.289590 --- dy std real/fake: 0.035463/0.035424 --- dy mean real/fake: 0.007962/0.007854 --- updates C/G: 10/2
Epoch 29400 --- Time: 64.03s --- C loss: -0.007724 --- G loss: 5.408142 --- W gap: 0.007794 --- GP: 0.000007 --- C(real): -5.407827 --- C(fake): -5.415620 --- dy std real/fake: 0.035463/0.035232 --- dy mean real/fake: 0.007962/0.010838 --- updates C/G: 10/2
Epoch 29500 --- Time: 62.95s --- C loss: 0.000647 --- G loss: 5.373945 --- W gap: -0.000572 --- GP: 0.000008 --- C(real): -5.372456 --- C(fake): -5.371884 --- dy std real/fake: 0.035464/0.035295 --- dy mean real/fake: 0.007962/0.009110 --- updates C/G: 10/2
Epoch 29600 --- Time: 63.25s --- C loss: -0.007841 --- G loss: 5.471699 --- W gap: 0.007921 --- GP: 0.000008 --- C(real): -5.468024 --- C(fake): -5.475945 --- dy std real/fake: 0.035464/0.035840 --- dy mean real/fake: 0.007962/0.005122 --- updates C/G: 10/2
Epoch 29700 --- Time: 63.87s --- C loss: 0.001569 --- G loss: 5.437099 --- W gap: -0.001511 --- GP: 0.000006 --- C(real): -5.434965 --- C(fake): -5.433454 --- dy std real/fake: 0.035463/0.035778 --- dy mean real/fake: 0.007962/0.006420 --- updates C/G: 10/2
Epoch 29800 --- Time: 63.90s --- C loss: -0.007189 --- G loss: 5.471240 --- W gap: 0.007264 --- GP: 0.000008 --- C(real): -5.467408 --- C(fake): -5.474673 --- dy std real/fake: 0.035463/0.035455 --- dy mean real/fake: 0.007962/0.009603 --- updates C/G: 10/2
Epoch 29900 --- Time: 63.64s --- C loss: -0.001752 --- G loss: 5.595938 --- W gap: 0.001814 --- GP: 0.000006 --- C(real): -5.591080 --- C(fake): -5.592894 --- dy std real/fake: 0.035463/0.035365 --- dy mean real/fake: 0.007962/0.010783 --- updates C/G: 10/2
Epoch 30000 --- Time: 64.97s --- C loss: 0.002028 --- G loss: 5.558125 --- W gap: -0.001962 --- GP: 0.000007 --- C(real): -5.554854 --- C(fake): -5.552892 --- dy std real/fake: 0.035463/0.035421 --- dy mean real/fake: 0.007962/0.009529 --- updates C/G: 10/2
Checkpoint epoch 30000 saved --- selection score: 0.003169 --- std rel err: 0.001200 --- mean abs err: 0.044177 --- best epoch: 24000
Epoch 30100 --- Time: 65.13s --- C loss: -0.001872 --- G loss: 5.569798 --- W gap: 0.002094 --- GP: 0.000022 --- C(real): -5.567264 --- C(fake): -5.569358 --- dy std real/fake: 0.035463/0.035473 --- dy mean real/fake: 0.007962/0.008181 --- updates C/G: 10/2
Epoch 30200 --- Time: 64.73s --- C loss: -0.004295 --- G loss: 5.595861 --- W gap: 0.004616 --- GP: 0.000032 --- C(real): -5.595322 --- C(fake): -5.599937 --- dy std real/fake: 0.035464/0.035622 --- dy mean real/fake: 0.007962/0.007346 --- updates C/G: 10/2
Epoch 30300 --- Time: 64.21s --- C loss: -0.005678 --- G loss: 5.629894 --- W gap: 0.006065 --- GP: 0.000039 --- C(real): -5.627415 --- C(fake): -5.633480 --- dy std real/fake: 0.035463/0.035788 --- dy mean real/fake: 0.007962/0.006762 --- updates C/G: 10/2
Epoch 30400 --- Time: 64.02s --- C loss: -0.006762 --- G loss: 5.676799 --- W gap: 0.006858 --- GP: 0.000010 --- C(real): -5.673761 --- C(fake): -5.680619 --- dy std real/fake: 0.035464/0.035692 --- dy mean real/fake: 0.007962/0.006371 --- updates C/G: 10/2
Epoch 30500 --- Time: 63.76s --- C loss: -0.008094 --- G loss: 5.723678 --- W gap: 0.008176 --- GP: 0.000008 --- C(real): -5.720816 --- C(fake): -5.728993 --- dy std real/fake: 0.035463/0.036030 --- dy mean real/fake: 0.007962/0.005928 --- updates C/G: 10/2
Epoch 30600 --- Time: 63.63s --- C loss: -0.007428 --- G loss: 5.748420 --- W gap: 0.007515 --- GP: 0.000009 --- C(real): -5.745918 --- C(fake): -5.753433 --- dy std real/fake: 0.035464/0.036117 --- dy mean real/fake: 0.007962/0.006059 --- updates C/G: 10/2
Epoch 30700 --- Time: 64.74s --- C loss: -0.007573 --- G loss: 5.774199 --- W gap: 0.007661 --- GP: 0.000009 --- C(real): -5.769259 --- C(fake): -5.776920 --- dy std real/fake: 0.035463/0.036023 --- dy mean real/fake: 0.007962/0.006149 --- updates C/G: 10/2
Epoch 30800 --- Time: 64.92s --- C loss: -0.006699 --- G loss: 5.793404 --- W gap: 0.006809 --- GP: 0.000011 --- C(real): -5.789005 --- C(fake): -5.795814 --- dy std real/fake: 0.035463/0.035809 --- dy mean real/fake: 0.007962/0.006678 --- updates C/G: 10/2
Epoch 30900 --- Time: 65.25s --- C loss: -0.002446 --- G loss: 5.812030 --- W gap: 0.002530 --- GP: 0.000008 --- C(real): -5.810097 --- C(fake): -5.812627 --- dy std real/fake: 0.035463/0.035671 --- dy mean real/fake: 0.007962/0.008070 --- updates C/G: 10/2
Epoch 31000 --- Time: 65.62s --- C loss: 0.000409 --- G loss: 5.860449 --- W gap: -0.000338 --- GP: 0.000007 --- C(real): -5.857662 --- C(fake): -5.857324 --- dy std real/fake: 0.035464/0.035647 --- dy mean real/fake: 0.007962/0.009325 --- updates C/G: 10/2
Checkpoint epoch 31000 saved --- selection score: 0.005525 --- std rel err: 0.005180 --- mean abs err: 0.038425 --- best epoch: 24000
Epoch 31100 --- Time: 64.91s --- C loss: 0.001531 --- G loss: 5.906269 --- W gap: -0.001461 --- GP: 0.000007 --- C(real): -5.902909 --- C(fake): -5.901448 --- dy std real/fake: 0.035463/0.035445 --- dy mean real/fake: 0.007962/0.009951 --- updates C/G: 10/2
Epoch 31200 --- Time: 64.12s --- C loss: -0.000615 --- G loss: 5.968088 --- W gap: 0.000687 --- GP: 0.000007 --- C(real): -5.962452 --- C(fake): -5.963138 --- dy std real/fake: 0.035464/0.035425 --- dy mean real/fake: 0.007962/0.010318 --- updates C/G: 10/2
Epoch 31300 --- Time: 63.71s --- C loss: -0.005164 --- G loss: 5.999814 --- W gap: 0.005233 --- GP: 0.000007 --- C(real): -5.996135 --- C(fake): -6.001368 --- dy std real/fake: 0.035464/0.035386 --- dy mean real/fake: 0.007962/0.010482 --- updates C/G: 10/2
Epoch 31400 --- Time: 63.74s --- C loss: -0.006507 --- G loss: 5.979362 --- W gap: 0.006598 --- GP: 0.000009 --- C(real): -5.977786 --- C(fake): -5.984385 --- dy std real/fake: 0.035464/0.035347 --- dy mean real/fake: 0.007962/0.009899 --- updates C/G: 10/2
Epoch 31500 --- Time: 63.92s --- C loss: -0.004809 --- G loss: 5.980453 --- W gap: 0.006110 --- GP: 0.000130 --- C(real): -5.977183 --- C(fake): -5.983293 --- dy std real/fake: 0.035463/0.035451 --- dy mean real/fake: 0.007962/0.008940 --- updates C/G: 10/2
Epoch 31600 --- Time: 63.26s --- C loss: -0.000624 --- G loss: 6.004522 --- W gap: 0.000707 --- GP: 0.000008 --- C(real): -6.002440 --- C(fake): -6.003147 --- dy std real/fake: 0.035463/0.035400 --- dy mean real/fake: 0.007962/0.007325 --- updates C/G: 10/2
Epoch 31700 --- Time: 67.07s --- C loss: 0.001061 --- G loss: 6.079785 --- W gap: -0.000991 --- GP: 0.000007 --- C(real): -6.074238 --- C(fake): -6.073247 --- dy std real/fake: 0.035464/0.035577 --- dy mean real/fake: 0.007962/0.006049 --- updates C/G: 10/2
Epoch 31800 --- Time: 65.81s --- C loss: -0.006338 --- G loss: 6.137579 --- W gap: 0.006413 --- GP: 0.000007 --- C(real): -6.135377 --- C(fake): -6.141789 --- dy std real/fake: 0.035463/0.035454 --- dy mean real/fake: 0.007962/0.005616 --- updates C/G: 10/2
Epoch 31900 --- Time: 65.26s --- C loss: -0.004463 --- G loss: 6.115521 --- W gap: 0.004623 --- GP: 0.000016 --- C(real): -6.113035 --- C(fake): -6.117658 --- dy std real/fake: 0.035463/0.035316 --- dy mean real/fake: 0.007962/0.007155 --- updates C/G: 10/2
Epoch 32000 --- Time: 65.07s --- C loss: 0.000834 --- G loss: 6.162839 --- W gap: -0.000758 --- GP: 0.000008 --- C(real): -6.160053 --- C(fake): -6.159296 --- dy std real/fake: 0.035464/0.035299 --- dy mean real/fake: 0.007962/0.009361 --- updates C/G: 10/2
Checkpoint epoch 32000 saved --- selection score: 0.005413 --- std rel err: 0.004648 --- mean abs err: 0.039462 --- best epoch: 24000
Epoch 32100 --- Time: 63.27s --- C loss: -0.005853 --- G loss: 6.215911 --- W gap: 0.005931 --- GP: 0.000008 --- C(real): -6.213786 --- C(fake): -6.219717 --- dy std real/fake: 0.035463/0.035392 --- dy mean real/fake: 0.007962/0.010068 --- updates C/G: 10/2
Epoch 32200 --- Time: 63.68s --- C loss: -0.001351 --- G loss: 6.182784 --- W gap: 0.001843 --- GP: 0.000049 --- C(real): -6.178295 --- C(fake): -6.180138 --- dy std real/fake: 0.035464/0.035555 --- dy mean real/fake: 0.007962/0.007812 --- updates C/G: 10/2
Epoch 32300 --- Time: 63.91s --- C loss: -0.001867 --- G loss: 6.290771 --- W gap: 0.001948 --- GP: 0.000008 --- C(real): -6.284304 --- C(fake): -6.286253 --- dy std real/fake: 0.035463/0.035590 --- dy mean real/fake: 0.007962/0.005693 --- updates C/G: 10/2
Epoch 32400 --- Time: 64.39s --- C loss: -0.001548 --- G loss: 6.254010 --- W gap: 0.002405 --- GP: 0.000086 --- C(real): -6.250961 --- C(fake): -6.253367 --- dy std real/fake: 0.035464/0.035523 --- dy mean real/fake: 0.007962/0.007892 --- updates C/G: 10/2
Epoch 32500 --- Time: 64.07s --- C loss: -0.005222 --- G loss: 6.347310 --- W gap: 0.005296 --- GP: 0.000007 --- C(real): -6.345646 --- C(fake): -6.350943 --- dy std real/fake: 0.035464/0.035207 --- dy mean real/fake: 0.007962/0.010280 --- updates C/G: 10/2
Epoch 32600 --- Time: 63.59s --- C loss: -0.000641 --- G loss: 6.301211 --- W gap: 0.000717 --- GP: 0.000008 --- C(real): -6.297439 --- C(fake): -6.298156 --- dy std real/fake: 0.035464/0.035555 --- dy mean real/fake: 0.007962/0.007371 --- updates C/G: 10/2
Epoch 32700 --- Time: 63.65s --- C loss: -0.003716 --- G loss: 6.408669 --- W gap: 0.003802 --- GP: 0.000009 --- C(real): -6.404665 --- C(fake): -6.408468 --- dy std real/fake: 0.035463/0.035872 --- dy mean real/fake: 0.007962/0.005503 --- updates C/G: 10/2
Epoch 32800 --- Time: 63.40s --- C loss: -0.003575 --- G loss: 6.372255 --- W gap: 0.004695 --- GP: 0.000112 --- C(real): -6.370178 --- C(fake): -6.374873 --- dy std real/fake: 0.035464/0.035961 --- dy mean real/fake: 0.007962/0.007274 --- updates C/G: 10/2
Epoch 32900 --- Time: 64.55s --- C loss: -0.000351 --- G loss: 6.442899 --- W gap: 0.000431 --- GP: 0.000008 --- C(real): -6.437330 --- C(fake): -6.437761 --- dy std real/fake: 0.035464/0.035791 --- dy mean real/fake: 0.007962/0.009988 --- updates C/G: 10/2
Epoch 33000 --- Time: 63.72s --- C loss: -0.006962 --- G loss: 6.440117 --- W gap: 0.007069 --- GP: 0.000011 --- C(real): -6.435533 --- C(fake): -6.442602 --- dy std real/fake: 0.035463/0.035857 --- dy mean real/fake: 0.007962/0.009629 --- updates C/G: 10/2
Checkpoint epoch 33000 saved --- selection score: 0.018184 --- std rel err: 0.011104 --- mean abs err: 0.047009 --- best epoch: 24000
Epoch 33100 --- Time: 63.16s --- C loss: -0.000726 --- G loss: 6.440283 --- W gap: 0.000799 --- GP: 0.000007 --- C(real): -6.436948 --- C(fake): -6.437747 --- dy std real/fake: 0.035463/0.035895 --- dy mean real/fake: 0.007962/0.006980 --- updates C/G: 10/2
Epoch 33200 --- Time: 64.10s --- C loss: -0.006700 --- G loss: 6.532376 --- W gap: 0.006780 --- GP: 0.000008 --- C(real): -6.528587 --- C(fake): -6.535367 --- dy std real/fake: 0.035464/0.036051 --- dy mean real/fake: 0.007962/0.005866 --- updates C/G: 10/2
Epoch 33300 --- Time: 64.76s --- C loss: 0.000220 --- G loss: 6.542125 --- W gap: -0.000143 --- GP: 0.000008 --- C(real): -6.538666 --- C(fake): -6.538523 --- dy std real/fake: 0.035464/0.035555 --- dy mean real/fake: 0.007962/0.009512 --- updates C/G: 10/2
Epoch 33400 --- Time: 64.53s --- C loss: -0.001742 --- G loss: 6.532521 --- W gap: 0.001833 --- GP: 0.000009 --- C(real): -6.530187 --- C(fake): -6.532020 --- dy std real/fake: 0.035464/0.035661 --- dy mean real/fake: 0.007962/0.007782 --- updates C/G: 10/2
Epoch 33500 --- Time: 64.95s --- C loss: -0.004985 --- G loss: 6.592155 --- W gap: 0.005083 --- GP: 0.000010 --- C(real): -6.590547 --- C(fake): -6.595630 --- dy std real/fake: 0.035464/0.035468 --- dy mean real/fake: 0.007962/0.006690 --- updates C/G: 10/2
Epoch 33600 --- Time: 64.79s --- C loss: -0.005377 --- G loss: 6.652488 --- W gap: 0.005458 --- GP: 0.000008 --- C(real): -6.650303 --- C(fake): -6.655761 --- dy std real/fake: 0.035464/0.035328 --- dy mean real/fake: 0.007962/0.010115 --- updates C/G: 10/2
Epoch 33700 --- Time: 64.09s --- C loss: 0.000473 --- G loss: 6.644261 --- W gap: -0.000392 --- GP: 0.000008 --- C(real): -6.639084 --- C(fake): -6.638692 --- dy std real/fake: 0.035464/0.035775 --- dy mean real/fake: 0.007962/0.006287 --- updates C/G: 10/2
Epoch 33800 --- Time: 64.18s --- C loss: -0.002504 --- G loss: 6.663553 --- W gap: 0.002593 --- GP: 0.000009 --- C(real): -6.660271 --- C(fake): -6.662864 --- dy std real/fake: 0.035463/0.035550 --- dy mean real/fake: 0.007962/0.008151 --- updates C/G: 10/2
Epoch 33900 --- Time: 63.71s --- C loss: -0.004101 --- G loss: 6.679486 --- W gap: 0.004276 --- GP: 0.000018 --- C(real): -6.676120 --- C(fake): -6.680396 --- dy std real/fake: 0.035463/0.035404 --- dy mean real/fake: 0.007962/0.008609 --- updates C/G: 10/2
Epoch 34000 --- Time: 63.05s --- C loss: -0.002191 --- G loss: 6.735044 --- W gap: 0.004684 --- GP: 0.000249 --- C(real): -6.725960 --- C(fake): -6.730644 --- dy std real/fake: 0.035463/0.035564 --- dy mean real/fake: 0.007962/0.007183 --- updates C/G: 10/2
Checkpoint epoch 34000 saved --- selection score: 0.007762 --- std rel err: 0.002829 --- mean abs err: 0.021971 --- best epoch: 24000
Epoch 34100 --- Time: 63.72s --- C loss: -0.004424 --- G loss: 6.747997 --- W gap: 0.004591 --- GP: 0.000017 --- C(real): -6.745097 --- C(fake): -6.749688 --- dy std real/fake: 0.035463/0.035516 --- dy mean real/fake: 0.007962/0.008647 --- updates C/G: 10/2
Epoch 34200 --- Time: 63.83s --- C loss: -0.003554 --- G loss: 6.773818 --- W gap: 0.004390 --- GP: 0.000084 --- C(real): -6.771261 --- C(fake): -6.775651 --- dy std real/fake: 0.035463/0.035712 --- dy mean real/fake: 0.007962/0.007461 --- updates C/G: 10/2
Epoch 34300 --- Time: 64.83s --- C loss: -0.003652 --- G loss: 6.798822 --- W gap: 0.003950 --- GP: 0.000030 --- C(real): -6.796804 --- C(fake): -6.800753 --- dy std real/fake: 0.035463/0.035219 --- dy mean real/fake: 0.007962/0.008428 --- updates C/G: 10/2
Epoch 34400 --- Time: 64.38s --- C loss: -0.002737 --- G loss: 6.840159 --- W gap: 0.004960 --- GP: 0.000222 --- C(real): -6.832808 --- C(fake): -6.837768 --- dy std real/fake: 0.035464/0.035437 --- dy mean real/fake: 0.007962/0.007127 --- updates C/G: 10/2
Epoch 34500 --- Time: 65.16s --- C loss: -0.005652 --- G loss: 6.868598 --- W gap: 0.005777 --- GP: 0.000012 --- C(real): -6.867250 --- C(fake): -6.873027 --- dy std real/fake: 0.035464/0.035377 --- dy mean real/fake: 0.007962/0.009348 --- updates C/G: 10/2
Epoch 34600 --- Time: 64.83s --- C loss: -0.006168 --- G loss: 6.933733 --- W gap: 0.006258 --- GP: 0.000009 --- C(real): -6.931212 --- C(fake): -6.937469 --- dy std real/fake: 0.035464/0.035656 --- dy mean real/fake: 0.007962/0.006064 --- updates C/G: 10/2
Epoch 34700 --- Time: 65.07s --- C loss: -0.004367 --- G loss: 6.970053 --- W gap: 0.004452 --- GP: 0.000009 --- C(real): -6.969216 --- C(fake): -6.973669 --- dy std real/fake: 0.035464/0.035286 --- dy mean real/fake: 0.007962/0.010104 --- updates C/G: 10/2
Epoch 34800 --- Time: 64.65s --- C loss: -0.002745 --- G loss: 6.997301 --- W gap: 0.002845 --- GP: 0.000010 --- C(real): -6.991174 --- C(fake): -6.994019 --- dy std real/fake: 0.035463/0.035593 --- dy mean real/fake: 0.007962/0.005993 --- updates C/G: 10/2
Epoch 34900 --- Time: 64.49s --- C loss: -0.001380 --- G loss: 7.026112 --- W gap: 0.001471 --- GP: 0.000009 --- C(real): -7.020280 --- C(fake): -7.021751 --- dy std real/fake: 0.035463/0.035357 --- dy mean real/fake: 0.007962/0.009961 --- updates C/G: 10/2
Epoch 35000 --- Time: 63.33s --- C loss: -0.002088 --- G loss: 7.045668 --- W gap: 0.002189 --- GP: 0.000010 --- C(real): -7.038750 --- C(fake): -7.040939 --- dy std real/fake: 0.035463/0.035763 --- dy mean real/fake: 0.007962/0.005970 --- updates C/G: 10/2
Checkpoint epoch 35000 saved --- selection score: 0.010646 --- std rel err: 0.008447 --- mean abs err: 0.056182 --- best epoch: 24000
Epoch 35100 --- Time: 63.33s --- C loss: -0.002017 --- G loss: 7.080902 --- W gap: 0.002108 --- GP: 0.000009 --- C(real): -7.077360 --- C(fake): -7.079468 --- dy std real/fake: 0.035464/0.035689 --- dy mean real/fake: 0.007962/0.009958 --- updates C/G: 10/2
Epoch 35200 --- Time: 63.70s --- C loss: -0.004176 --- G loss: 7.112591 --- W gap: 0.004266 --- GP: 0.000009 --- C(real): -7.109162 --- C(fake): -7.113428 --- dy std real/fake: 0.035463/0.035875 --- dy mean real/fake: 0.007962/0.006036 --- updates C/G: 10/2
Epoch 35300 --- Time: 63.94s --- C loss: -0.005280 --- G loss: 7.091738 --- W gap: 0.005395 --- GP: 0.000011 --- C(real): -7.088980 --- C(fake): -7.094375 --- dy std real/fake: 0.035464/0.035587 --- dy mean real/fake: 0.007962/0.009131 --- updates C/G: 10/2
Epoch 35400 --- Time: 64.71s --- C loss: -0.000372 --- G loss: 7.131346 --- W gap: 0.000454 --- GP: 0.000008 --- C(real): -7.129028 --- C(fake): -7.129482 --- dy std real/fake: 0.035463/0.035295 --- dy mean real/fake: 0.007962/0.008747 --- updates C/G: 10/2
Epoch 35500 --- Time: 64.06s --- C loss: -0.004379 --- G loss: 7.191454 --- W gap: 0.004471 --- GP: 0.000009 --- C(real): -7.188791 --- C(fake): -7.193262 --- dy std real/fake: 0.035463/0.035398 --- dy mean real/fake: 0.007962/0.006443 --- updates C/G: 10/2
Epoch 35600 --- Time: 64.81s --- C loss: -0.001114 --- G loss: 7.191274 --- W gap: 0.001198 --- GP: 0.000008 --- C(real): -7.184454 --- C(fake): -7.185652 --- dy std real/fake: 0.035463/0.035580 --- dy mean real/fake: 0.007962/0.006864 --- updates C/G: 10/2
Epoch 35700 --- Time: 64.78s --- C loss: -0.002348 --- G loss: 7.193789 --- W gap: 0.002572 --- GP: 0.000022 --- C(real): -7.192513 --- C(fake): -7.195085 --- dy std real/fake: 0.035463/0.035701 --- dy mean real/fake: 0.007962/0.008135 --- updates C/G: 10/2
Epoch 35800 --- Time: 63.74s --- C loss: -0.004912 --- G loss: 7.251551 --- W gap: 0.005020 --- GP: 0.000011 --- C(real): -7.249409 --- C(fake): -7.254429 --- dy std real/fake: 0.035464/0.035509 --- dy mean real/fake: 0.007962/0.009188 --- updates C/G: 10/2
Epoch 35900 --- Time: 64.13s --- C loss: -0.001359 --- G loss: 7.304954 --- W gap: 0.001454 --- GP: 0.000010 --- C(real): -7.300220 --- C(fake): -7.301674 --- dy std real/fake: 0.035464/0.035394 --- dy mean real/fake: 0.007962/0.009690 --- updates C/G: 10/2
Epoch 36000 --- Time: 64.63s --- C loss: -0.002587 --- G loss: 7.295778 --- W gap: 0.002832 --- GP: 0.000024 --- C(real): -7.291465 --- C(fake): -7.294297 --- dy std real/fake: 0.035464/0.035632 --- dy mean real/fake: 0.007962/0.007703 --- updates C/G: 10/2
Checkpoint epoch 36000 saved --- selection score: 0.007615 --- std rel err: 0.004758 --- mean abs err: 0.007310 --- best epoch: 24000
Epoch 36100 --- Time: 64.16s --- C loss: -0.001048 --- G loss: 7.340973 --- W gap: 0.001156 --- GP: 0.000011 --- C(real): -7.333826 --- C(fake): -7.334983 --- dy std real/fake: 0.035463/0.035919 --- dy mean real/fake: 0.007962/0.006310 --- updates C/G: 10/2
Epoch 36200 --- Time: 64.18s --- C loss: -0.004101 --- G loss: 7.336484 --- W gap: 0.004766 --- GP: 0.000067 --- C(real): -7.334980 --- C(fake): -7.339746 --- dy std real/fake: 0.035463/0.035607 --- dy mean real/fake: 0.007962/0.008675 --- updates C/G: 10/2
Epoch 36300 --- Time: 63.79s --- C loss: -0.000710 --- G loss: 7.414547 --- W gap: 0.000808 --- GP: 0.000010 --- C(real): -7.410527 --- C(fake): -7.411335 --- dy std real/fake: 0.035464/0.035261 --- dy mean real/fake: 0.007962/0.009644 --- updates C/G: 10/2
Epoch 36400 --- Time: 64.18s --- C loss: -0.003753 --- G loss: 7.414055 --- W gap: 0.004262 --- GP: 0.000051 --- C(real): -7.413320 --- C(fake): -7.417582 --- dy std real/fake: 0.035464/0.035332 --- dy mean real/fake: 0.007962/0.007420 --- updates C/G: 10/2
Epoch 36500 --- Time: 64.43s --- C loss: -0.001433 --- G loss: 7.464203 --- W gap: 0.001535 --- GP: 0.000010 --- C(real): -7.457206 --- C(fake): -7.458742 --- dy std real/fake: 0.035463/0.035185 --- dy mean real/fake: 0.007962/0.006379 --- updates C/G: 10/2
Epoch 36600 --- Time: 63.24s --- C loss: -0.003423 --- G loss: 7.456225 --- W gap: 0.003554 --- GP: 0.000013 --- C(real): -7.455123 --- C(fake): -7.458677 --- dy std real/fake: 0.035464/0.035245 --- dy mean real/fake: 0.007962/0.008438 --- updates C/G: 10/2
Epoch 36700 --- Time: 64.43s --- C loss: -0.002806 --- G loss: 7.540604 --- W gap: 0.002898 --- GP: 0.000009 --- C(real): -7.536910 --- C(fake): -7.539809 --- dy std real/fake: 0.035464/0.035289 --- dy mean real/fake: 0.007962/0.009611 --- updates C/G: 10/2
Epoch 36800 --- Time: 65.07s --- C loss: -0.000970 --- G loss: 7.532534 --- W gap: 0.001084 --- GP: 0.000011 --- C(real): -7.529444 --- C(fake): -7.530528 --- dy std real/fake: 0.035464/0.035404 --- dy mean real/fake: 0.007962/0.008634 --- updates C/G: 10/2
Epoch 36900 --- Time: 64.57s --- C loss: -0.003315 --- G loss: 7.558941 --- W gap: 0.003935 --- GP: 0.000062 --- C(real): -7.557595 --- C(fake): -7.561530 --- dy std real/fake: 0.035464/0.035608 --- dy mean real/fake: 0.007962/0.007659 --- updates C/G: 10/2
Epoch 37000 --- Time: 64.19s --- C loss: -0.003856 --- G loss: 7.593562 --- W gap: 0.003975 --- GP: 0.000012 --- C(real): -7.593002 --- C(fake): -7.596976 --- dy std real/fake: 0.035463/0.035685 --- dy mean real/fake: 0.007962/0.007722 --- updates C/G: 10/2
Checkpoint epoch 37000 saved --- selection score: 0.010224 --- std rel err: 0.006237 --- mean abs err: 0.006767 --- best epoch: 24000
Epoch 37100 --- Time: 63.53s --- C loss: -0.002272 --- G loss: 7.634180 --- W gap: 0.002370 --- GP: 0.000010 --- C(real): -7.630992 --- C(fake): -7.633361 --- dy std real/fake: 0.035464/0.035578 --- dy mean real/fake: 0.007962/0.008263 --- updates C/G: 10/2
Epoch 37200 --- Time: 64.34s --- C loss: -0.001550 --- G loss: 7.659130 --- W gap: 0.001659 --- GP: 0.000011 --- C(real): -7.655213 --- C(fake): -7.656872 --- dy std real/fake: 0.035464/0.035460 --- dy mean real/fake: 0.007962/0.008773 --- updates C/G: 10/2
Epoch 37300 --- Time: 64.80s --- C loss: -0.002406 --- G loss: 7.681009 --- W gap: 0.002875 --- GP: 0.000047 --- C(real): -7.676707 --- C(fake): -7.679583 --- dy std real/fake: 0.035463/0.035563 --- dy mean real/fake: 0.007962/0.007909 --- updates C/G: 10/2
Epoch 37400 --- Time: 63.53s --- C loss: -0.005545 --- G loss: 7.716745 --- W gap: 0.005684 --- GP: 0.000014 --- C(real): -7.714866 --- C(fake): -7.720550 --- dy std real/fake: 0.035464/0.035563 --- dy mean real/fake: 0.007962/0.007053 --- updates C/G: 10/2
Epoch 37500 --- Time: 64.21s --- C loss: -0.001217 --- G loss: 7.765734 --- W gap: 0.001332 --- GP: 0.000012 --- C(real): -7.757978 --- C(fake): -7.759310 --- dy std real/fake: 0.035464/0.035506 --- dy mean real/fake: 0.007962/0.006178 --- updates C/G: 10/2
Epoch 37600 --- Time: 64.24s --- C loss: -0.002553 --- G loss: 7.746954 --- W gap: 0.002651 --- GP: 0.000010 --- C(real): -7.742421 --- C(fake): -7.745072 --- dy std real/fake: 0.035463/0.035587 --- dy mean real/fake: 0.007962/0.007744 --- updates C/G: 10/2
Epoch 37700 --- Time: 64.96s --- C loss: -0.004408 --- G loss: 7.789433 --- W gap: 0.004550 --- GP: 0.000014 --- C(real): -7.787197 --- C(fake): -7.791747 --- dy std real/fake: 0.035463/0.035636 --- dy mean real/fake: 0.007962/0.008700 --- updates C/G: 10/2
Epoch 37800 --- Time: 65.51s --- C loss: -0.004667 --- G loss: 7.864224 --- W gap: 0.004769 --- GP: 0.000010 --- C(real): -7.862562 --- C(fake): -7.867331 --- dy std real/fake: 0.035464/0.035504 --- dy mean real/fake: 0.007962/0.009670 --- updates C/G: 10/2
Epoch 37900 --- Time: 65.91s --- C loss: -0.001380 --- G loss: 7.871873 --- W gap: 0.001479 --- GP: 0.000010 --- C(real): -7.868866 --- C(fake): -7.870344 --- dy std real/fake: 0.035463/0.035550 --- dy mean real/fake: 0.007962/0.008815 --- updates C/G: 10/2
Epoch 38000 --- Time: 64.20s --- C loss: -0.002539 --- G loss: 7.888881 --- W gap: 0.004241 --- GP: 0.000170 --- C(real): -7.889476 --- C(fake): -7.893717 --- dy std real/fake: 0.035464/0.035517 --- dy mean real/fake: 0.007962/0.007782 --- updates C/G: 10/2
Checkpoint epoch 38000 saved --- selection score: 0.005921 --- std rel err: 0.001510 --- mean abs err: 0.005078 --- best epoch: 24000
Epoch 38100 --- Time: 63.27s --- C loss: -0.003618 --- G loss: 7.935266 --- W gap: 0.003791 --- GP: 0.000017 --- C(real): -7.931762 --- C(fake): -7.935553 --- dy std real/fake: 0.035463/0.035609 --- dy mean real/fake: 0.007962/0.007317 --- updates C/G: 10/2
Epoch 38200 --- Time: 62.99s --- C loss: -0.003924 --- G loss: 7.967820 --- W gap: 0.004228 --- GP: 0.000030 --- C(real): -7.965405 --- C(fake): -7.969633 --- dy std real/fake: 0.035464/0.035498 --- dy mean real/fake: 0.007962/0.007501 --- updates C/G: 10/2
Epoch 38300 --- Time: 63.40s --- C loss: -0.003707 --- G loss: 7.995750 --- W gap: 0.004512 --- GP: 0.000081 --- C(real): -7.990179 --- C(fake): -7.994692 --- dy std real/fake: 0.035464/0.035433 --- dy mean real/fake: 0.007962/0.007382 --- updates C/G: 10/2
Epoch 38400 --- Time: 62.73s --- C loss: -0.003395 --- G loss: 8.024032 --- W gap: 0.003660 --- GP: 0.000027 --- C(real): -8.022453 --- C(fake): -8.026113 --- dy std real/fake: 0.035464/0.035332 --- dy mean real/fake: 0.007962/0.007625 --- updates C/G: 10/2
Epoch 38500 --- Time: 63.34s --- C loss: -0.001778 --- G loss: 8.063265 --- W gap: 0.001929 --- GP: 0.000015 --- C(real): -8.059992 --- C(fake): -8.061921 --- dy std real/fake: 0.035463/0.035363 --- dy mean real/fake: 0.007962/0.008478 --- updates C/G: 10/2
Epoch 38600 --- Time: 62.87s --- C loss: -0.002463 --- G loss: 8.124016 --- W gap: 0.002566 --- GP: 0.000010 --- C(real): -8.118684 --- C(fake): -8.121249 --- dy std real/fake: 0.035463/0.035142 --- dy mean real/fake: 0.007962/0.009253 --- updates C/G: 10/2
Epoch 38700 --- Time: 62.72s --- C loss: -0.005545 --- G loss: 8.138498 --- W gap: 0.005663 --- GP: 0.000012 --- C(real): -8.135693 --- C(fake): -8.141357 --- dy std real/fake: 0.035464/0.035308 --- dy mean real/fake: 0.007962/0.009341 --- updates C/G: 10/2
Epoch 38800 --- Time: 63.43s --- C loss: -0.005431 --- G loss: 8.152941 --- W gap: 0.005583 --- GP: 0.000015 --- C(real): -8.150381 --- C(fake): -8.155963 --- dy std real/fake: 0.035464/0.035322 --- dy mean real/fake: 0.007962/0.009049 --- updates C/G: 10/2
Epoch 38900 --- Time: 63.87s --- C loss: -0.004702 --- G loss: 8.174281 --- W gap: 0.004840 --- GP: 0.000014 --- C(real): -8.173305 --- C(fake): -8.178145 --- dy std real/fake: 0.035464/0.035421 --- dy mean real/fake: 0.007962/0.008962 --- updates C/G: 10/2
Epoch 39000 --- Time: 64.35s --- C loss: -0.003917 --- G loss: 8.194981 --- W gap: 0.004062 --- GP: 0.000015 --- C(real): -8.194045 --- C(fake): -8.198107 --- dy std real/fake: 0.035463/0.035429 --- dy mean real/fake: 0.007962/0.008468 --- updates C/G: 10/2
Checkpoint epoch 39000 saved --- selection score: 0.005057 --- std rel err: 0.000980 --- mean abs err: 0.014272 --- best epoch: 24000
Epoch 39100 --- Time: 64.57s --- C loss: -0.002811 --- G loss: 8.221615 --- W gap: 0.003667 --- GP: 0.000086 --- C(real): -8.218233 --- C(fake): -8.221900 --- dy std real/fake: 0.035463/0.035665 --- dy mean real/fake: 0.007962/0.008188 --- updates C/G: 10/2
Epoch 39200 --- Time: 64.80s --- C loss: -0.002034 --- G loss: 8.256708 --- W gap: 0.002158 --- GP: 0.000012 --- C(real): -8.251571 --- C(fake): -8.253729 --- dy std real/fake: 0.035463/0.035835 --- dy mean real/fake: 0.007962/0.007332 --- updates C/G: 10/2
Epoch 39300 --- Time: 63.80s --- C loss: -0.004138 --- G loss: 8.344895 --- W gap: 0.004255 --- GP: 0.000012 --- C(real): -8.339394 --- C(fake): -8.343650 --- dy std real/fake: 0.035463/0.035644 --- dy mean real/fake: 0.007962/0.006623 --- updates C/G: 10/2
Epoch 39400 --- Time: 64.26s --- C loss: -0.002763 --- G loss: 8.340711 --- W gap: 0.002909 --- GP: 0.000015 --- C(real): -8.337260 --- C(fake): -8.340169 --- dy std real/fake: 0.035463/0.035190 --- dy mean real/fake: 0.007962/0.008022 --- updates C/G: 10/2
Epoch 39500 --- Time: 63.49s --- C loss: -0.003614 --- G loss: 8.406604 --- W gap: 0.003722 --- GP: 0.000011 --- C(real): -8.403826 --- C(fake): -8.407549 --- dy std real/fake: 0.035463/0.034870 --- dy mean real/fake: 0.007962/0.009315 --- updates C/G: 10/2
Epoch 39600 --- Time: 64.62s --- C loss: -0.002302 --- G loss: 8.384786 --- W gap: 0.003675 --- GP: 0.000137 --- C(real): -8.381352 --- C(fake): -8.385027 --- dy std real/fake: 0.035464/0.034987 --- dy mean real/fake: 0.007962/0.008350 --- updates C/G: 10/2
Epoch 39700 --- Time: 63.75s --- C loss: -0.001542 --- G loss: 8.423512 --- W gap: 0.001657 --- GP: 0.000011 --- C(real): -8.417777 --- C(fake): -8.419434 --- dy std real/fake: 0.035463/0.035147 --- dy mean real/fake: 0.007962/0.007281 --- updates C/G: 10/2
Epoch 39800 --- Time: 63.64s --- C loss: -0.003291 --- G loss: 8.506024 --- W gap: 0.003414 --- GP: 0.000012 --- C(real): -8.498721 --- C(fake): -8.502135 --- dy std real/fake: 0.035464/0.035231 --- dy mean real/fake: 0.007962/0.006444 --- updates C/G: 10/2
Epoch 39900 --- Time: 63.50s --- C loss: -0.004669 --- G loss: 8.530174 --- W gap: 0.004795 --- GP: 0.000013 --- C(real): -8.528589 --- C(fake): -8.533385 --- dy std real/fake: 0.035464/0.035376 --- dy mean real/fake: 0.007962/0.006484 --- updates C/G: 10/2
Epoch 40000 --- Time: 64.50s --- C loss: -0.005025 --- G loss: 8.545926 --- W gap: 0.005164 --- GP: 0.000014 --- C(real): -8.544862 --- C(fake): -8.550025 --- dy std real/fake: 0.035463/0.035494 --- dy mean real/fake: 0.007962/0.006862 --- updates C/G: 10/2
Checkpoint epoch 40000 saved --- selection score: 0.006052 --- std rel err: 0.000874 --- mean abs err: 0.031005 --- best epoch: 24000
Epoch 40100 --- Time: 64.99s --- C loss: -0.001640 --- G loss: 8.550170 --- W gap: 0.002423 --- GP: 0.000078 --- C(real): -8.545832 --- C(fake): -8.548255 --- dy std real/fake: 0.035463/0.035886 --- dy mean real/fake: 0.007962/0.008280 --- updates C/G: 10/2
Epoch 40200 --- Time: 63.81s --- C loss: -0.003912 --- G loss: 8.612295 --- W gap: 0.004031 --- GP: 0.000012 --- C(real): -8.609329 --- C(fake): -8.613360 --- dy std real/fake: 0.035463/0.035682 --- dy mean real/fake: 0.007962/0.009269 --- updates C/G: 10/2
Epoch 40300 --- Time: 64.62s --- C loss: -0.001784 --- G loss: 8.595746 --- W gap: 0.001924 --- GP: 0.000014 --- C(real): -8.590446 --- C(fake): -8.592370 --- dy std real/fake: 0.035463/0.035599 --- dy mean real/fake: 0.007962/0.007508 --- updates C/G: 10/2
Epoch 40400 --- Time: 63.95s --- C loss: -0.004326 --- G loss: 8.647667 --- W gap: 0.004465 --- GP: 0.000014 --- C(real): -8.646347 --- C(fake): -8.650812 --- dy std real/fake: 0.035463/0.035670 --- dy mean real/fake: 0.007962/0.007240 --- updates C/G: 10/2
Epoch 40500 --- Time: 64.54s --- C loss: -0.004464 --- G loss: 8.679368 --- W gap: 0.004611 --- GP: 0.000015 --- C(real): -8.679543 --- C(fake): -8.684155 --- dy std real/fake: 0.035463/0.035584 --- dy mean real/fake: 0.007962/0.008929 --- updates C/G: 10/2
Epoch 40600 --- Time: 63.72s --- C loss: -0.004578 --- G loss: 8.726575 --- W gap: 0.004713 --- GP: 0.000014 --- C(real): -8.724393 --- C(fake): -8.729106 --- dy std real/fake: 0.035464/0.035812 --- dy mean real/fake: 0.007962/0.006852 --- updates C/G: 10/2
Epoch 40700 --- Time: 63.84s --- C loss: -0.003801 --- G loss: 8.756285 --- W gap: 0.003931 --- GP: 0.000013 --- C(real): -8.754047 --- C(fake): -8.757978 --- dy std real/fake: 0.035463/0.035528 --- dy mean real/fake: 0.007962/0.009397 --- updates C/G: 10/2
Epoch 40800 --- Time: 63.51s --- C loss: -0.001800 --- G loss: 8.727883 --- W gap: 0.001966 --- GP: 0.000017 --- C(real): -8.724143 --- C(fake): -8.726109 --- dy std real/fake: 0.035463/0.035214 --- dy mean real/fake: 0.007962/0.007644 --- updates C/G: 10/2
Epoch 40900 --- Time: 64.48s --- C loss: -0.003224 --- G loss: 8.815930 --- W gap: 0.003352 --- GP: 0.000013 --- C(real): -8.813132 --- C(fake): -8.816484 --- dy std real/fake: 0.035463/0.035121 --- dy mean real/fake: 0.007962/0.006733 --- updates C/G: 10/2
Epoch 41000 --- Time: 64.41s --- C loss: -0.002207 --- G loss: 8.822029 --- W gap: 0.002335 --- GP: 0.000013 --- C(real): -8.816781 --- C(fake): -8.819116 --- dy std real/fake: 0.035463/0.035242 --- dy mean real/fake: 0.007962/0.008701 --- updates C/G: 10/2
Checkpoint epoch 41000 saved --- selection score: 0.008584 --- std rel err: 0.006237 --- mean abs err: 0.020831 --- best epoch: 24000
Epoch 41100 --- Time: 64.69s --- C loss: -0.003255 --- G loss: 8.818405 --- W gap: 0.003409 --- GP: 0.000015 --- C(real): -8.814522 --- C(fake): -8.817932 --- dy std real/fake: 0.035463/0.035259 --- dy mean real/fake: 0.007962/0.007878 --- updates C/G: 10/2
Epoch 41200 --- Time: 64.34s --- C loss: -0.004131 --- G loss: 8.870291 --- W gap: 0.004285 --- GP: 0.000015 --- C(real): -8.868004 --- C(fake): -8.872289 --- dy std real/fake: 0.035464/0.035399 --- dy mean real/fake: 0.007962/0.007261 --- updates C/G: 10/2
Epoch 41300 --- Time: 64.87s --- C loss: -0.003037 --- G loss: 8.914872 --- W gap: 0.003178 --- GP: 0.000014 --- C(real): -8.912636 --- C(fake): -8.915814 --- dy std real/fake: 0.035464/0.035471 --- dy mean real/fake: 0.007962/0.009235 --- updates C/G: 10/2
Epoch 41400 --- Time: 65.29s --- C loss: -0.003480 --- G loss: 8.951598 --- W gap: 0.003612 --- GP: 0.000013 --- C(real): -8.947193 --- C(fake): -8.950805 --- dy std real/fake: 0.035464/0.035437 --- dy mean real/fake: 0.007962/0.006699 --- updates C/G: 10/2
Epoch 41500 --- Time: 63.50s --- C loss: -0.004296 --- G loss: 8.958183 --- W gap: 0.004442 --- GP: 0.000015 --- C(real): -8.957759 --- C(fake): -8.962201 --- dy std real/fake: 0.035463/0.035255 --- dy mean real/fake: 0.007962/0.009088 --- updates C/G: 10/2
Epoch 41600 --- Time: 63.23s --- C loss: -0.002763 --- G loss: 8.995668 --- W gap: 0.002919 --- GP: 0.000016 --- C(real): -8.989246 --- C(fake): -8.992165 --- dy std real/fake: 0.035463/0.035686 --- dy mean real/fake: 0.007962/0.006647 --- updates C/G: 10/2
Epoch 41700 --- Time: 63.47s --- C loss: -0.001913 --- G loss: 8.992996 --- W gap: 0.002069 --- GP: 0.000016 --- C(real): -8.987852 --- C(fake): -8.989921 --- dy std real/fake: 0.035464/0.035547 --- dy mean real/fake: 0.007962/0.008631 --- updates C/G: 10/2
Epoch 41800 --- Time: 64.15s --- C loss: -0.004681 --- G loss: 9.005979 --- W gap: 0.004843 --- GP: 0.000016 --- C(real): -9.006268 --- C(fake): -9.011111 --- dy std real/fake: 0.035464/0.035505 --- dy mean real/fake: 0.007962/0.008798 --- updates C/G: 10/2
Epoch 41900 --- Time: 63.86s --- C loss: -0.002071 --- G loss: 9.058659 --- W gap: 0.002225 --- GP: 0.000015 --- C(real): -9.050961 --- C(fake): -9.053186 --- dy std real/fake: 0.035463/0.035574 --- dy mean real/fake: 0.007962/0.006681 --- updates C/G: 10/2
Epoch 42000 --- Time: 64.14s --- C loss: -0.003195 --- G loss: 9.063323 --- W gap: 0.003338 --- GP: 0.000014 --- C(real): -9.058370 --- C(fake): -9.061707 --- dy std real/fake: 0.035463/0.035243 --- dy mean real/fake: 0.007962/0.007984 --- updates C/G: 10/2
Checkpoint epoch 42000 saved --- selection score: 0.009580 --- std rel err: 0.006228 --- mean abs err: 0.000623 --- best epoch: 24000
Epoch 42100 --- Time: 63.79s --- C loss: -0.003805 --- G loss: 9.114539 --- W gap: 0.003953 --- GP: 0.000015 --- C(real): -9.113024 --- C(fake): -9.116977 --- dy std real/fake: 0.035463/0.035403 --- dy mean real/fake: 0.007962/0.009285 --- updates C/G: 10/2
Epoch 42200 --- Time: 63.32s --- C loss: -0.002332 --- G loss: 9.089339 --- W gap: 0.002492 --- GP: 0.000016 --- C(real): -9.085308 --- C(fake): -9.087800 --- dy std real/fake: 0.035463/0.035553 --- dy mean real/fake: 0.007962/0.007552 --- updates C/G: 10/2
Epoch 42300 --- Time: 64.80s --- C loss: -0.003597 --- G loss: 9.167883 --- W gap: 0.003742 --- GP: 0.000015 --- C(real): -9.162356 --- C(fake): -9.166099 --- dy std real/fake: 0.035463/0.035430 --- dy mean real/fake: 0.007962/0.006617 --- updates C/G: 10/2
Epoch 42400 --- Time: 64.66s --- C loss: -0.001525 --- G loss: 9.157091 --- W gap: 0.001702 --- GP: 0.000018 --- C(real): -9.152739 --- C(fake): -9.154441 --- dy std real/fake: 0.035464/0.035245 --- dy mean real/fake: 0.007962/0.008448 --- updates C/G: 10/2
Epoch 42500 --- Time: 63.84s --- C loss: -0.002968 --- G loss: 9.158574 --- W gap: 0.003125 --- GP: 0.000016 --- C(real): -9.155337 --- C(fake): -9.158461 --- dy std real/fake: 0.035464/0.035484 --- dy mean real/fake: 0.007962/0.007785 --- updates C/G: 10/2
Epoch 42600 --- Time: 63.58s --- C loss: -0.002417 --- G loss: 9.215483 --- W gap: 0.002573 --- GP: 0.000016 --- C(real): -9.212020 --- C(fake): -9.214593 --- dy std real/fake: 0.035463/0.035423 --- dy mean real/fake: 0.007962/0.008533 --- updates C/G: 10/2
Epoch 42700 --- Time: 63.09s --- C loss: -0.002365 --- G loss: 9.216404 --- W gap: 0.002523 --- GP: 0.000016 --- C(real): -9.210713 --- C(fake): -9.213236 --- dy std real/fake: 0.035464/0.035329 --- dy mean real/fake: 0.007962/0.007177 --- updates C/G: 10/2
Epoch 42800 --- Time: 64.22s --- C loss: -0.003993 --- G loss: 9.239054 --- W gap: 0.004209 --- GP: 0.000022 --- C(real): -9.237440 --- C(fake): -9.241648 --- dy std real/fake: 0.035463/0.035361 --- dy mean real/fake: 0.007962/0.007550 --- updates C/G: 10/2
Epoch 42900 --- Time: 63.71s --- C loss: -0.002721 --- G loss: 9.256991 --- W gap: 0.002929 --- GP: 0.000021 --- C(real): -9.251713 --- C(fake): -9.254643 --- dy std real/fake: 0.035463/0.035478 --- dy mean real/fake: 0.007962/0.008465 --- updates C/G: 10/2
Epoch 43000 --- Time: 63.20s --- C loss: -0.002200 --- G loss: 9.290818 --- W gap: 0.002358 --- GP: 0.000016 --- C(real): -9.287380 --- C(fake): -9.289738 --- dy std real/fake: 0.035463/0.035295 --- dy mean real/fake: 0.007962/0.008815 --- updates C/G: 10/2
Checkpoint epoch 43000 saved --- selection score: 0.007113 --- std rel err: 0.004739 --- mean abs err: 0.024070 --- best epoch: 24000
Epoch 43100 --- Time: 63.57s --- C loss: -0.003835 --- G loss: 9.332448 --- W gap: 0.003990 --- GP: 0.000016 --- C(real): -9.329515 --- C(fake): -9.333506 --- dy std real/fake: 0.035464/0.035311 --- dy mean real/fake: 0.007962/0.009266 --- updates C/G: 10/2
Epoch 43200 --- Time: 64.17s --- C loss: -0.002161 --- G loss: 9.320741 --- W gap: 0.002317 --- GP: 0.000016 --- C(real): -9.315868 --- C(fake): -9.318185 --- dy std real/fake: 0.035464/0.035300 --- dy mean real/fake: 0.007962/0.007457 --- updates C/G: 10/2
Epoch 43300 --- Time: 64.36s --- C loss: -0.002376 --- G loss: 9.365284 --- W gap: 0.002533 --- GP: 0.000016 --- C(real): -9.361133 --- C(fake): -9.363666 --- dy std real/fake: 0.035464/0.035202 --- dy mean real/fake: 0.007962/0.008624 --- updates C/G: 10/2
Epoch 43400 --- Time: 65.16s --- C loss: -0.003870 --- G loss: 9.394679 --- W gap: 0.004034 --- GP: 0.000016 --- C(real): -9.394118 --- C(fake): -9.398151 --- dy std real/fake: 0.035464/0.035307 --- dy mean real/fake: 0.007962/0.007116 --- updates C/G: 10/2
Epoch 43500 --- Time: 65.12s --- C loss: -0.002580 --- G loss: 9.418924 --- W gap: 0.002744 --- GP: 0.000016 --- C(real): -9.411449 --- C(fake): -9.414193 --- dy std real/fake: 0.035463/0.035479 --- dy mean real/fake: 0.007962/0.007064 --- updates C/G: 10/2
Epoch 43600 --- Time: 63.93s --- C loss: -0.002110 --- G loss: 9.396842 --- W gap: 0.002292 --- GP: 0.000018 --- C(real): -9.393617 --- C(fake): -9.395909 --- dy std real/fake: 0.035463/0.035723 --- dy mean real/fake: 0.007962/0.007452 --- updates C/G: 10/2
Epoch 43700 --- Time: 63.97s --- C loss: -0.004448 --- G loss: 9.427686 --- W gap: 0.004626 --- GP: 0.000018 --- C(real): -9.427739 --- C(fake): -9.432365 --- dy std real/fake: 0.035463/0.035433 --- dy mean real/fake: 0.007962/0.008960 --- updates C/G: 10/2
Epoch 43800 --- Time: 64.44s --- C loss: -0.002199 --- G loss: 9.437887 --- W gap: 0.002391 --- GP: 0.000019 --- C(real): -9.434110 --- C(fake): -9.436501 --- dy std real/fake: 0.035464/0.035577 --- dy mean real/fake: 0.007962/0.008212 --- updates C/G: 10/2
Epoch 43900 --- Time: 64.44s --- C loss: -0.002678 --- G loss: 9.464111 --- W gap: 0.002846 --- GP: 0.000017 --- C(real): -9.457305 --- C(fake): -9.460151 --- dy std real/fake: 0.035463/0.035616 --- dy mean real/fake: 0.007962/0.007053 --- updates C/G: 10/2
Epoch 44000 --- Time: 63.82s --- C loss: -0.003761 --- G loss: 9.495337 --- W gap: 0.003928 --- GP: 0.000017 --- C(real): -9.493502 --- C(fake): -9.497430 --- dy std real/fake: 0.035464/0.035703 --- dy mean real/fake: 0.007962/0.009197 --- updates C/G: 10/2
Checkpoint epoch 44000 saved --- selection score: 0.010684 --- std rel err: 0.006739 --- mean abs err: 0.034818 --- best epoch: 24000
Epoch 44100 --- Time: 63.92s --- C loss: -0.004248 --- G loss: 9.511269 --- W gap: 0.004426 --- GP: 0.000018 --- C(real): -9.509964 --- C(fake): -9.514390 --- dy std real/fake: 0.035464/0.035583 --- dy mean real/fake: 0.007962/0.007103 --- updates C/G: 10/2
Epoch 44200 --- Time: 65.08s --- C loss: -0.003963 --- G loss: 9.497385 --- W gap: 0.004162 --- GP: 0.000020 --- C(real): -9.496151 --- C(fake): -9.500313 --- dy std real/fake: 0.035463/0.035469 --- dy mean real/fake: 0.007962/0.008601 --- updates C/G: 10/2
Epoch 44300 --- Time: 64.71s --- C loss: -0.002506 --- G loss: 9.530002 --- W gap: 0.002989 --- GP: 0.000048 --- C(real): -9.527055 --- C(fake): -9.530044 --- dy std real/fake: 0.035464/0.035183 --- dy mean real/fake: 0.007962/0.007971 --- updates C/G: 10/2
Epoch 44400 --- Time: 63.65s --- C loss: -0.003142 --- G loss: 9.520482 --- W gap: 0.003333 --- GP: 0.000019 --- C(real): -9.516990 --- C(fake): -9.520324 --- dy std real/fake: 0.035464/0.034894 --- dy mean real/fake: 0.007962/0.007824 --- updates C/G: 10/2
Epoch 44500 --- Time: 64.01s --- C loss: -0.003911 --- G loss: 9.572624 --- W gap: 0.004092 --- GP: 0.000018 --- C(real): -9.569451 --- C(fake): -9.573544 --- dy std real/fake: 0.035463/0.034932 --- dy mean real/fake: 0.007962/0.007475 --- updates C/G: 10/2
Epoch 44600 --- Time: 64.06s --- C loss: -0.003817 --- G loss: 9.584925 --- W gap: 0.004007 --- GP: 0.000019 --- C(real): -9.583835 --- C(fake): -9.587841 --- dy std real/fake: 0.035464/0.035020 --- dy mean real/fake: 0.007962/0.009020 --- updates C/G: 10/2
Epoch 44700 --- Time: 63.17s --- C loss: -0.002476 --- G loss: 9.616577 --- W gap: 0.002654 --- GP: 0.000018 --- C(real): -9.609930 --- C(fake): -9.612584 --- dy std real/fake: 0.035463/0.035171 --- dy mean real/fake: 0.007962/0.006789 --- updates C/G: 10/2
Epoch 44800 --- Time: 62.82s --- C loss: -0.001793 --- G loss: 9.627596 --- W gap: 0.001974 --- GP: 0.000018 --- C(real): -9.623477 --- C(fake): -9.625451 --- dy std real/fake: 0.035464/0.035315 --- dy mean real/fake: 0.007962/0.008695 --- updates C/G: 10/2
Epoch 44900 --- Time: 63.90s --- C loss: -0.001967 --- G loss: 9.632679 --- W gap: 0.002149 --- GP: 0.000018 --- C(real): -9.626615 --- C(fake): -9.628763 --- dy std real/fake: 0.035464/0.035449 --- dy mean real/fake: 0.007962/0.007270 --- updates C/G: 10/2
Epoch 45000 --- Time: 64.68s --- C loss: -0.003166 --- G loss: 9.675496 --- W gap: 0.003346 --- GP: 0.000018 --- C(real): -9.670925 --- C(fake): -9.674271 --- dy std real/fake: 0.035464/0.035575 --- dy mean real/fake: 0.007962/0.009041 --- updates C/G: 10/2
Checkpoint epoch 45000 saved --- selection score: 0.006507 --- std rel err: 0.003143 --- mean abs err: 0.030430 --- best epoch: 24000
Epoch 45100 --- Time: 66.26s --- C loss: -0.003638 --- G loss: 9.693367 --- W gap: 0.003818 --- GP: 0.000018 --- C(real): -9.689344 --- C(fake): -9.693162 --- dy std real/fake: 0.035464/0.035331 --- dy mean real/fake: 0.007962/0.006918 --- updates C/G: 10/2
Epoch 45200 --- Time: 65.20s --- C loss: -0.004594 --- G loss: 9.694152 --- W gap: 0.004775 --- GP: 0.000018 --- C(real): -9.690781 --- C(fake): -9.695555 --- dy std real/fake: 0.035463/0.035630 --- dy mean real/fake: 0.007962/0.009125 --- updates C/G: 10/2
Epoch 45300 --- Time: 65.13s --- C loss: -0.003995 --- G loss: 9.710902 --- W gap: 0.004171 --- GP: 0.000018 --- C(real): -9.708261 --- C(fake): -9.712432 --- dy std real/fake: 0.035464/0.035610 --- dy mean real/fake: 0.007962/0.007032 --- updates C/G: 10/2
Epoch 45400 --- Time: 64.18s --- C loss: -0.004212 --- G loss: 9.683634 --- W gap: 0.004413 --- GP: 0.000020 --- C(real): -9.683819 --- C(fake): -9.688232 --- dy std real/fake: 0.035463/0.035521 --- dy mean real/fake: 0.007962/0.008706 --- updates C/G: 10/2
Epoch 45500 --- Time: 63.99s --- C loss: -0.002523 --- G loss: 9.714013 --- W gap: 0.002740 --- GP: 0.000022 --- C(real): -9.710659 --- C(fake): -9.713399 --- dy std real/fake: 0.035464/0.035544 --- dy mean real/fake: 0.007962/0.008376 --- updates C/G: 10/2
Epoch 45600 --- Time: 65.22s --- C loss: -0.003413 --- G loss: 9.741437 --- W gap: 0.003602 --- GP: 0.000019 --- C(real): -9.739440 --- C(fake): -9.743042 --- dy std real/fake: 0.035464/0.035321 --- dy mean real/fake: 0.007962/0.007293 --- updates C/G: 10/2
Epoch 45700 --- Time: 65.41s --- C loss: -0.002368 --- G loss: 9.760938 --- W gap: 0.002554 --- GP: 0.000019 --- C(real): -9.751501 --- C(fake): -9.754055 --- dy std real/fake: 0.035464/0.035304 --- dy mean real/fake: 0.007962/0.006966 --- updates C/G: 10/2
Epoch 45800 --- Time: 63.99s --- C loss: -0.001853 --- G loss: 9.735136 --- W gap: 0.002342 --- GP: 0.000049 --- C(real): -9.731128 --- C(fake): -9.733470 --- dy std real/fake: 0.035464/0.035389 --- dy mean real/fake: 0.007962/0.008129 --- updates C/G: 10/2
Epoch 45900 --- Time: 63.15s --- C loss: -0.002578 --- G loss: 9.788776 --- W gap: 0.002772 --- GP: 0.000019 --- C(real): -9.784924 --- C(fake): -9.787696 --- dy std real/fake: 0.035464/0.035371 --- dy mean real/fake: 0.007962/0.008879 --- updates C/G: 10/2
Epoch 46000 --- Time: 63.55s --- C loss: -0.002659 --- G loss: 9.807623 --- W gap: 0.002847 --- GP: 0.000019 --- C(real): -9.801678 --- C(fake): -9.804525 --- dy std real/fake: 0.035464/0.035312 --- dy mean real/fake: 0.007962/0.006860 --- updates C/G: 10/2
Checkpoint epoch 46000 saved --- selection score: 0.007139 --- std rel err: 0.004273 --- mean abs err: 0.031085 --- best epoch: 24000
Epoch 46100 --- Time: 63.87s --- C loss: -0.002263 --- G loss: 9.821811 --- W gap: 0.002457 --- GP: 0.000019 --- C(real): -9.818051 --- C(fake): -9.820508 --- dy std real/fake: 0.035464/0.035476 --- dy mean real/fake: 0.007962/0.008905 --- updates C/G: 10/2
Epoch 46200 --- Time: 65.05s --- C loss: -0.001714 --- G loss: 9.808637 --- W gap: 0.001904 --- GP: 0.000019 --- C(real): -9.803868 --- C(fake): -9.805771 --- dy std real/fake: 0.035463/0.035471 --- dy mean real/fake: 0.007962/0.007262 --- updates C/G: 10/2
Epoch 46300 --- Time: 63.02s --- C loss: -0.002067 --- G loss: 9.833207 --- W gap: 0.002256 --- GP: 0.000019 --- C(real): -9.826830 --- C(fake): -9.829086 --- dy std real/fake: 0.035463/0.035499 --- dy mean real/fake: 0.007962/0.008817 --- updates C/G: 10/2
Epoch 46400 --- Time: 63.56s --- C loss: -0.002422 --- G loss: 9.850284 --- W gap: 0.002615 --- GP: 0.000019 --- C(real): -9.844882 --- C(fake): -9.847497 --- dy std real/fake: 0.035464/0.035395 --- dy mean real/fake: 0.007962/0.007081 --- updates C/G: 10/2
Epoch 46500 --- Time: 63.48s --- C loss: -0.003333 --- G loss: 9.871204 --- W gap: 0.003522 --- GP: 0.000019 --- C(real): -9.868380 --- C(fake): -9.871902 --- dy std real/fake: 0.035463/0.035445 --- dy mean real/fake: 0.007962/0.008882 --- updates C/G: 10/2
Epoch 46600 --- Time: 64.18s --- C loss: -0.002926 --- G loss: 9.867284 --- W gap: 0.003256 --- GP: 0.000033 --- C(real): -9.863212 --- C(fake): -9.866468 --- dy std real/fake: 0.035464/0.035423 --- dy mean real/fake: 0.007962/0.007918 --- updates C/G: 10/2
Epoch 46700 --- Time: 63.55s --- C loss: -0.002827 --- G loss: 9.878847 --- W gap: 0.003408 --- GP: 0.000058 --- C(real): -9.878480 --- C(fake): -9.881888 --- dy std real/fake: 0.035464/0.035106 --- dy mean real/fake: 0.007962/0.007760 --- updates C/G: 10/2
Epoch 46800 --- Time: 62.99s --- C loss: -0.004484 --- G loss: 9.910283 --- W gap: 0.004685 --- GP: 0.000020 --- C(real): -9.908100 --- C(fake): -9.912786 --- dy std real/fake: 0.035464/0.035362 --- dy mean real/fake: 0.007962/0.006968 --- updates C/G: 10/2
Epoch 46900 --- Time: 63.90s --- C loss: -0.003351 --- G loss: 9.919847 --- W gap: 0.003536 --- GP: 0.000018 --- C(real): -9.912668 --- C(fake): -9.916203 --- dy std real/fake: 0.035463/0.035238 --- dy mean real/fake: 0.007962/0.006993 --- updates C/G: 10/2
Epoch 47000 --- Time: 64.00s --- C loss: -0.002925 --- G loss: 9.927596 --- W gap: 0.003116 --- GP: 0.000019 --- C(real): -9.921307 --- C(fake): -9.924423 --- dy std real/fake: 0.035463/0.034994 --- dy mean real/fake: 0.007962/0.007120 --- updates C/G: 10/2
Checkpoint epoch 47000 saved --- selection score: 0.016356 --- std rel err: 0.013221 --- mean abs err: 0.023734 --- best epoch: 24000
Epoch 47100 --- Time: 64.29s --- C loss: -0.002235 --- G loss: 9.930416 --- W gap: 0.002428 --- GP: 0.000019 --- C(real): -9.923405 --- C(fake): -9.925833 --- dy std real/fake: 0.035464/0.035390 --- dy mean real/fake: 0.007962/0.007270 --- updates C/G: 10/2
Epoch 47200 --- Time: 64.16s --- C loss: -0.002749 --- G loss: 9.919744 --- W gap: 0.003234 --- GP: 0.000049 --- C(real): -9.916419 --- C(fake): -9.919653 --- dy std real/fake: 0.035463/0.035180 --- dy mean real/fake: 0.007962/0.008143 --- updates C/G: 10/2
Epoch 47300 --- Time: 63.95s --- C loss: -0.003295 --- G loss: 9.967322 --- W gap: 0.003500 --- GP: 0.000021 --- C(real): -9.967630 --- C(fake): -9.971130 --- dy std real/fake: 0.035464/0.035339 --- dy mean real/fake: 0.007962/0.009047 --- updates C/G: 10/2
Epoch 47400 --- Time: 64.33s --- C loss: -0.002924 --- G loss: 9.970624 --- W gap: 0.003131 --- GP: 0.000021 --- C(real): -9.966343 --- C(fake): -9.969473 --- dy std real/fake: 0.035464/0.035305 --- dy mean real/fake: 0.007962/0.008432 --- updates C/G: 10/2
Epoch 47500 --- Time: 64.09s --- C loss: -0.002697 --- G loss: 9.978275 --- W gap: 0.003397 --- GP: 0.000070 --- C(real): -9.975484 --- C(fake): -9.978881 --- dy std real/fake: 0.035464/0.035192 --- dy mean real/fake: 0.007962/0.007913 --- updates C/G: 10/2
Epoch 47600 --- Time: 63.38s --- C loss: -0.003420 --- G loss: 9.989414 --- W gap: 0.003760 --- GP: 0.000034 --- C(real): -9.988195 --- C(fake): -9.991955 --- dy std real/fake: 0.035463/0.035235 --- dy mean real/fake: 0.007962/0.007575 --- updates C/G: 10/2
Epoch 47700 --- Time: 63.50s --- C loss: -0.002196 --- G loss: 10.000221 --- W gap: 0.002400 --- GP: 0.000020 --- C(real): -9.994846 --- C(fake): -9.997246 --- dy std real/fake: 0.035464/0.035455 --- dy mean real/fake: 0.007962/0.007168 --- updates C/G: 10/2
Epoch 47800 --- Time: 63.37s --- C loss: -0.003260 --- G loss: 9.987715 --- W gap: 0.003999 --- GP: 0.000074 --- C(real): -9.986568 --- C(fake): -9.990567 --- dy std real/fake: 0.035464/0.035581 --- dy mean real/fake: 0.007962/0.008303 --- updates C/G: 10/2
Epoch 47900 --- Time: 63.62s --- C loss: -0.003612 --- G loss: 10.002046 --- W gap: 0.003856 --- GP: 0.000024 --- C(real): -10.001652 --- C(fake): -10.005508 --- dy std real/fake: 0.035464/0.035786 --- dy mean real/fake: 0.007962/0.008515 --- updates C/G: 10/2
Epoch 48000 --- Time: 63.77s --- C loss: -0.003801 --- G loss: 10.006861 --- W gap: 0.004079 --- GP: 0.000028 --- C(real): -10.005803 --- C(fake): -10.009882 --- dy std real/fake: 0.035463/0.035794 --- dy mean real/fake: 0.007962/0.008323 --- updates C/G: 10/2
Checkpoint epoch 48000 saved --- selection score: 0.013454 --- std rel err: 0.009347 --- mean abs err: 0.010183 --- best epoch: 24000
Epoch 48100 --- Time: 63.45s --- C loss: -0.003122 --- G loss: 10.032610 --- W gap: 0.003334 --- GP: 0.000021 --- C(real): -10.027288 --- C(fake): -10.030622 --- dy std real/fake: 0.035463/0.035663 --- dy mean real/fake: 0.007962/0.007570 --- updates C/G: 10/2
Epoch 48200 --- Time: 63.45s --- C loss: -0.003895 --- G loss: 10.051037 --- W gap: 0.004110 --- GP: 0.000021 --- C(real): -10.045465 --- C(fake): -10.049575 --- dy std real/fake: 0.035464/0.035555 --- dy mean real/fake: 0.007962/0.008265 --- updates C/G: 10/2
Epoch 48300 --- Time: 63.61s --- C loss: -0.004395 --- G loss: 10.051429 --- W gap: 0.004616 --- GP: 0.000022 --- C(real): -10.050419 --- C(fake): -10.055035 --- dy std real/fake: 0.035463/0.035565 --- dy mean real/fake: 0.007962/0.008692 --- updates C/G: 10/2
Epoch 48400 --- Time: 64.24s --- C loss: -0.003848 --- G loss: 10.054337 --- W gap: 0.004065 --- GP: 0.000022 --- C(real): -10.053110 --- C(fake): -10.057175 --- dy std real/fake: 0.035464/0.035215 --- dy mean real/fake: 0.007962/0.008639 --- updates C/G: 10/2
Epoch 48500 --- Time: 71.73s --- C loss: -0.003734 --- G loss: 10.093534 --- W gap: 0.003947 --- GP: 0.000021 --- C(real): -10.091279 --- C(fake): -10.095226 --- dy std real/fake: 0.035464/0.035326 --- dy mean real/fake: 0.007962/0.008899 --- updates C/G: 10/2
Epoch 48600 --- Time: 73.19s --- C loss: -0.002319 --- G loss: 10.095603 --- W gap: 0.002530 --- GP: 0.000021 --- C(real): -10.090868 --- C(fake): -10.093398 --- dy std real/fake: 0.035464/0.035061 --- dy mean real/fake: 0.007962/0.008568 --- updates C/G: 10/2
Epoch 48700 --- Time: 71.66s --- C loss: -0.002947 --- G loss: 10.127851 --- W gap: 0.003154 --- GP: 0.000021 --- C(real): -10.123562 --- C(fake): -10.126716 --- dy std real/fake: 0.035464/0.034980 --- dy mean real/fake: 0.007962/0.006977 --- updates C/G: 10/2
Epoch 48800 --- Time: 71.80s --- C loss: -0.002849 --- G loss: 10.114559 --- W gap: 0.003049 --- GP: 0.000020 --- C(real): -10.109992 --- C(fake): -10.113041 --- dy std real/fake: 0.035463/0.035034 --- dy mean real/fake: 0.007962/0.007465 --- updates C/G: 10/2
Epoch 48900 --- Time: 71.92s --- C loss: -0.002544 --- G loss: 10.127600 --- W gap: 0.002748 --- GP: 0.000020 --- C(real): -10.122170 --- C(fake): -10.124918 --- dy std real/fake: 0.035464/0.035227 --- dy mean real/fake: 0.007962/0.007409 --- updates C/G: 10/2
Epoch 49000 --- Time: 71.62s --- C loss: -0.001949 --- G loss: 10.137002 --- W gap: 0.002169 --- GP: 0.000022 --- C(real): -10.130710 --- C(fake): -10.132878 --- dy std real/fake: 0.035463/0.035179 --- dy mean real/fake: 0.007962/0.007306 --- updates C/G: 10/2
Checkpoint epoch 49000 saved --- selection score: 0.010199 --- std rel err: 0.008009 --- mean abs err: 0.018490 --- best epoch: 24000
Epoch 49100 --- Time: 71.22s --- C loss: -0.002744 --- G loss: 10.138233 --- W gap: 0.002981 --- GP: 0.000024 --- C(real): -10.133023 --- C(fake): -10.136004 --- dy std real/fake: 0.035463/0.035426 --- dy mean real/fake: 0.007962/0.007667 --- updates C/G: 10/2
Epoch 49200 --- Time: 72.03s --- C loss: -0.003100 --- G loss: 10.137506 --- W gap: 0.003323 --- GP: 0.000022 --- C(real): -10.133873 --- C(fake): -10.137196 --- dy std real/fake: 0.035464/0.035667 --- dy mean real/fake: 0.007962/0.007849 --- updates C/G: 10/2
Epoch 49300 --- Time: 72.52s --- C loss: -0.002967 --- G loss: 10.179296 --- W gap: 0.003173 --- GP: 0.000021 --- C(real): -10.173114 --- C(fake): -10.176287 --- dy std real/fake: 0.035463/0.035707 --- dy mean real/fake: 0.007962/0.007265 --- updates C/G: 10/2
Epoch 49400 --- Time: 72.23s --- C loss: -0.002386 --- G loss: 10.165653 --- W gap: 0.002731 --- GP: 0.000034 --- C(real): -10.161283 --- C(fake): -10.164014 --- dy std real/fake: 0.035464/0.035848 --- dy mean real/fake: 0.007962/0.008074 --- updates C/G: 10/2
Epoch 49500 --- Time: 71.19s --- C loss: -0.003571 --- G loss: 10.172217 --- W gap: 0.003799 --- GP: 0.000023 --- C(real): -10.169827 --- C(fake): -10.173626 --- dy std real/fake: 0.035463/0.035771 --- dy mean real/fake: 0.007962/0.008294 --- updates C/G: 10/2
Epoch 49600 --- Time: 70.61s --- C loss: -0.003376 --- G loss: 10.177287 --- W gap: 0.003787 --- GP: 0.000041 --- C(real): -10.173841 --- C(fake): -10.177628 --- dy std real/fake: 0.035464/0.035558 --- dy mean real/fake: 0.007962/0.007943 --- updates C/G: 10/2
Epoch 49700 --- Time: 71.73s --- C loss: -0.002942 --- G loss: 10.181488 --- W gap: 0.003178 --- GP: 0.000024 --- C(real): -10.175412 --- C(fake): -10.178590 --- dy std real/fake: 0.035463/0.035392 --- dy mean real/fake: 0.007962/0.007744 --- updates C/G: 10/2
Epoch 49800 --- Time: 71.38s --- C loss: -0.003235 --- G loss: 10.219355 --- W gap: 0.003441 --- GP: 0.000021 --- C(real): -10.216358 --- C(fake): -10.219798 --- dy std real/fake: 0.035464/0.034976 --- dy mean real/fake: 0.007962/0.008619 --- updates C/G: 10/2
Epoch 49900 --- Time: 71.71s --- C loss: -0.003073 --- G loss: 10.234408 --- W gap: 0.003271 --- GP: 0.000020 --- C(real): -10.229779 --- C(fake): -10.233049 --- dy std real/fake: 0.035463/0.035001 --- dy mean real/fake: 0.007962/0.007179 --- updates C/G: 10/2
Epoch 50000 --- Time: 72.18s --- C loss: -0.002285 --- G loss: 10.241143 --- W gap: 0.002506 --- GP: 0.000022 --- C(real): -10.235772 --- C(fake): -10.238278 --- dy std real/fake: 0.035463/0.034989 --- dy mean real/fake: 0.007962/0.008570 --- updates C/G: 10/2
Checkpoint epoch 50000 saved --- selection score: 0.015889 --- std rel err: 0.013361 --- mean abs err: 0.017154 --- best epoch: 24000
Epoch 50100 --- Time: 72.43s --- C loss: -0.003452 --- G loss: 10.227182 --- W gap: 0.003683 --- GP: 0.000023 --- C(real): -10.222179 --- C(fake): -10.225862 --- dy std real/fake: 0.035463/0.035017 --- dy mean real/fake: 0.007962/0.007903 --- updates C/G: 10/2
Epoch 50200 --- Time: 70.80s --- C loss: -0.003633 --- G loss: 10.262311 --- W gap: 0.003855 --- GP: 0.000022 --- C(real): -10.257662 --- C(fake): -10.261517 --- dy std real/fake: 0.035463/0.035371 --- dy mean real/fake: 0.007962/0.008189 --- updates C/G: 10/2
Epoch 50300 --- Time: 71.65s --- C loss: -0.003219 --- G loss: 10.241338 --- W gap: 0.003589 --- GP: 0.000037 --- C(real): -10.237970 --- C(fake): -10.241559 --- dy std real/fake: 0.035464/0.035204 --- dy mean real/fake: 0.007962/0.008018 --- updates C/G: 10/2
Epoch 50400 --- Time: 71.50s --- C loss: -0.002845 --- G loss: 10.253201 --- W gap: 0.003077 --- GP: 0.000023 --- C(real): -10.246488 --- C(fake): -10.249565 --- dy std real/fake: 0.035463/0.035318 --- dy mean real/fake: 0.007962/0.007485 --- updates C/G: 10/2
Epoch 50500 --- Time: 71.89s --- C loss: -0.002621 --- G loss: 10.251927 --- W gap: 0.002858 --- GP: 0.000024 --- C(real): -10.247400 --- C(fake): -10.250258 --- dy std real/fake: 0.035463/0.035441 --- dy mean real/fake: 0.007962/0.007753 --- updates C/G: 10/2
Epoch 50600 --- Time: 72.56s --- C loss: -0.003861 --- G loss: 10.261841 --- W gap: 0.004112 --- GP: 0.000025 --- C(real): -10.259272 --- C(fake): -10.263384 --- dy std real/fake: 0.035463/0.035295 --- dy mean real/fake: 0.007962/0.007987 --- updates C/G: 10/2
Epoch 50700 --- Time: 71.56s --- C loss: -0.002714 --- G loss: 10.273012 --- W gap: 0.002972 --- GP: 0.000026 --- C(real): -10.269636 --- C(fake): -10.272609 --- dy std real/fake: 0.035464/0.035350 --- dy mean real/fake: 0.007962/0.007921 --- updates C/G: 10/2
Epoch 50800 --- Time: 72.70s --- C loss: -0.004278 --- G loss: 10.284312 --- W gap: 0.004603 --- GP: 0.000032 --- C(real): -10.281344 --- C(fake): -10.285946 --- dy std real/fake: 0.035463/0.035482 --- dy mean real/fake: 0.007962/0.008342 --- updates C/G: 10/2
Epoch 50900 --- Time: 72.88s --- C loss: -0.003411 --- G loss: 10.316250 --- W gap: 0.003645 --- GP: 0.000023 --- C(real): -10.314998 --- C(fake): -10.318643 --- dy std real/fake: 0.035464/0.035574 --- dy mean real/fake: 0.007962/0.008697 --- updates C/G: 10/2
Epoch 51000 --- Time: 72.73s --- C loss: -0.003597 --- G loss: 10.318469 --- W gap: 0.003838 --- GP: 0.000024 --- C(real): -10.317296 --- C(fake): -10.321134 --- dy std real/fake: 0.035464/0.035583 --- dy mean real/fake: 0.007962/0.008497 --- updates C/G: 10/2
Checkpoint epoch 51000 saved --- selection score: 0.007224 --- std rel err: 0.003361 --- mean abs err: 0.015087 --- best epoch: 24000
Epoch 51100 --- Time: 72.12s --- C loss: -0.002927 --- G loss: 10.314785 --- W gap: 0.003194 --- GP: 0.000027 --- C(real): -10.308697 --- C(fake): -10.311891 --- dy std real/fake: 0.035464/0.035652 --- dy mean real/fake: 0.007962/0.007785 --- updates C/G: 10/2
Epoch 51200 --- Time: 71.17s --- C loss: -0.003786 --- G loss: 10.349542 --- W gap: 0.004047 --- GP: 0.000026 --- C(real): -10.347011 --- C(fake): -10.351058 --- dy std real/fake: 0.035463/0.035646 --- dy mean real/fake: 0.007962/0.007482 --- updates C/G: 10/2
Epoch 51300 --- Time: 71.67s --- C loss: -0.003848 --- G loss: 10.339453 --- W gap: 0.004093 --- GP: 0.000025 --- C(real): -10.338247 --- C(fake): -10.342341 --- dy std real/fake: 0.035464/0.035852 --- dy mean real/fake: 0.007962/0.008496 --- updates C/G: 10/2
Epoch 51400 --- Time: 71.33s --- C loss: -0.003253 --- G loss: 10.359086 --- W gap: 0.003579 --- GP: 0.000033 --- C(real): -10.354655 --- C(fake): -10.358234 --- dy std real/fake: 0.035464/0.035577 --- dy mean real/fake: 0.007962/0.008027 --- updates C/G: 10/2
Epoch 51500 --- Time: 72.11s --- C loss: -0.003680 --- G loss: 10.373617 --- W gap: 0.003911 --- GP: 0.000023 --- C(real): -10.369555 --- C(fake): -10.373466 --- dy std real/fake: 0.035463/0.035522 --- dy mean real/fake: 0.007962/0.008378 --- updates C/G: 10/2
Epoch 51600 --- Time: 72.03s --- C loss: -0.003861 --- G loss: 10.381909 --- W gap: 0.004088 --- GP: 0.000023 --- C(real): -10.381407 --- C(fake): -10.385495 --- dy std real/fake: 0.035463/0.035355 --- dy mean real/fake: 0.007962/0.008508 --- updates C/G: 10/2
Epoch 51700 --- Time: 72.26s --- C loss: -0.003676 --- G loss: 10.384238 --- W gap: 0.003916 --- GP: 0.000024 --- C(real): -10.384010 --- C(fake): -10.387926 --- dy std real/fake: 0.035464/0.035175 --- dy mean real/fake: 0.007962/0.008512 --- updates C/G: 10/2
Epoch 51800 --- Time: 71.49s --- C loss: -0.004009 --- G loss: 10.394892 --- W gap: 0.004250 --- GP: 0.000024 --- C(real): -10.393136 --- C(fake): -10.397387 --- dy std real/fake: 0.035464/0.035257 --- dy mean real/fake: 0.007962/0.008271 --- updates C/G: 10/2
Epoch 51900 --- Time: 71.38s --- C loss: -0.002797 --- G loss: 10.390265 --- W gap: 0.003274 --- GP: 0.000048 --- C(real): -10.386180 --- C(fake): -10.389454 --- dy std real/fake: 0.035464/0.035277 --- dy mean real/fake: 0.007962/0.008012 --- updates C/G: 10/2
Epoch 52000 --- Time: 71.45s --- C loss: -0.003591 --- G loss: 10.407772 --- W gap: 0.003848 --- GP: 0.000026 --- C(real): -10.405321 --- C(fake): -10.409169 --- dy std real/fake: 0.035464/0.035429 --- dy mean real/fake: 0.007962/0.008340 --- updates C/G: 10/2
Checkpoint epoch 52000 saved --- selection score: 0.004856 --- std rel err: 0.000983 --- mean abs err: 0.010661 --- best epoch: 24000
Epoch 52100 --- Time: 71.44s --- C loss: -0.002448 --- G loss: 10.417539 --- W gap: 0.003174 --- GP: 0.000073 --- C(real): -10.416506 --- C(fake): -10.419681 --- dy std real/fake: 0.035463/0.035430 --- dy mean real/fake: 0.007962/0.007958 --- updates C/G: 10/2
Epoch 52200 --- Time: 71.59s --- C loss: -0.003146 --- G loss: 10.422737 --- W gap: 0.003518 --- GP: 0.000037 --- C(real): -10.416804 --- C(fake): -10.420321 --- dy std real/fake: 0.035463/0.035352 --- dy mean real/fake: 0.007962/0.007691 --- updates C/G: 10/2
Epoch 52300 --- Time: 71.99s --- C loss: -0.003667 --- G loss: 10.457871 --- W gap: 0.003891 --- GP: 0.000022 --- C(real): -10.455331 --- C(fake): -10.459222 --- dy std real/fake: 0.035464/0.035284 --- dy mean real/fake: 0.007962/0.008630 --- updates C/G: 10/2
Epoch 52400 --- Time: 72.11s --- C loss: -0.003206 --- G loss: 10.465501 --- W gap: 0.003495 --- GP: 0.000029 --- C(real): -10.462878 --- C(fake): -10.466372 --- dy std real/fake: 0.035463/0.035458 --- dy mean real/fake: 0.007962/0.007558 --- updates C/G: 10/2
Epoch 52500 --- Time: 72.39s --- C loss: -0.002341 --- G loss: 10.466413 --- W gap: 0.002602 --- GP: 0.000026 --- C(real): -10.461585 --- C(fake): -10.464187 --- dy std real/fake: 0.035464/0.035357 --- dy mean real/fake: 0.007962/0.007776 --- updates C/G: 10/2
Epoch 52600 --- Time: 71.52s --- C loss: -0.003133 --- G loss: 10.470859 --- W gap: 0.003376 --- GP: 0.000024 --- C(real): -10.464726 --- C(fake): -10.468103 --- dy std real/fake: 0.035463/0.035638 --- dy mean real/fake: 0.007962/0.007808 --- updates C/G: 10/2
Epoch 52700 --- Time: 71.55s --- C loss: -0.003109 --- G loss: 10.500174 --- W gap: 0.003352 --- GP: 0.000024 --- C(real): -10.495445 --- C(fake): -10.498797 --- dy std real/fake: 0.035464/0.035633 --- dy mean real/fake: 0.007962/0.007418 --- updates C/G: 10/2
Epoch 52800 --- Time: 71.09s --- C loss: -0.003554 --- G loss: 10.497554 --- W gap: 0.003783 --- GP: 0.000023 --- C(real): -10.494646 --- C(fake): -10.498429 --- dy std real/fake: 0.035464/0.035644 --- dy mean real/fake: 0.007962/0.008287 --- updates C/G: 10/2
Epoch 52900 --- Time: 71.40s --- C loss: -0.003859 --- G loss: 10.501937 --- W gap: 0.004096 --- GP: 0.000024 --- C(real): -10.501918 --- C(fake): -10.506013 --- dy std real/fake: 0.035463/0.035728 --- dy mean real/fake: 0.007962/0.008422 --- updates C/G: 10/2
Epoch 53000 --- Time: 72.36s --- C loss: -0.003952 --- G loss: 10.517105 --- W gap: 0.004190 --- GP: 0.000024 --- C(real): -10.513198 --- C(fake): -10.517388 --- dy std real/fake: 0.035464/0.035299 --- dy mean real/fake: 0.007962/0.007649 --- updates C/G: 10/2
Checkpoint epoch 53000 saved --- selection score: 0.008867 --- std rel err: 0.004653 --- mean abs err: 0.008816 --- best epoch: 24000
Epoch 53100 --- Time: 72.57s --- C loss: -0.003343 --- G loss: 10.520550 --- W gap: 0.003570 --- GP: 0.000023 --- C(real): -10.515324 --- C(fake): -10.518894 --- dy std real/fake: 0.035464/0.035384 --- dy mean real/fake: 0.007962/0.007741 --- updates C/G: 10/2
Epoch 53200 --- Time: 71.49s --- C loss: -0.003732 --- G loss: 10.522012 --- W gap: 0.003975 --- GP: 0.000024 --- C(real): -10.521465 --- C(fake): -10.525441 --- dy std real/fake: 0.035464/0.035358 --- dy mean real/fake: 0.007962/0.008252 --- updates C/G: 10/2
Epoch 53300 --- Time: 71.70s --- C loss: -0.003053 --- G loss: 10.555061 --- W gap: 0.003287 --- GP: 0.000023 --- C(real): -10.552191 --- C(fake): -10.555478 --- dy std real/fake: 0.035463/0.035342 --- dy mean real/fake: 0.007962/0.008450 --- updates C/G: 10/2
Epoch 53400 --- Time: 72.14s --- C loss: -0.003761 --- G loss: 10.566437 --- W gap: 0.003989 --- GP: 0.000023 --- C(real): -10.565331 --- C(fake): -10.569320 --- dy std real/fake: 0.035463/0.035263 --- dy mean real/fake: 0.007962/0.008461 --- updates C/G: 10/2
Epoch 53500 --- Time: 72.34s --- C loss: -0.002922 --- G loss: 10.569674 --- W gap: 0.003396 --- GP: 0.000047 --- C(real): -10.566720 --- C(fake): -10.570115 --- dy std real/fake: 0.035464/0.035185 --- dy mean real/fake: 0.007962/0.008110 --- updates C/G: 10/2
Epoch 53600 --- Time: 71.46s --- C loss: -0.004022 --- G loss: 10.602860 --- W gap: 0.004266 --- GP: 0.000024 --- C(real): -10.601034 --- C(fake): -10.605300 --- dy std real/fake: 0.035464/0.035201 --- dy mean real/fake: 0.007962/0.007664 --- updates C/G: 10/2
Epoch 53700 --- Time: 70.98s --- C loss: -0.003242 --- G loss: 10.617320 --- W gap: 0.003489 --- GP: 0.000025 --- C(real): -10.611366 --- C(fake): -10.614856 --- dy std real/fake: 0.035464/0.035337 --- dy mean real/fake: 0.007962/0.007704 --- updates C/G: 10/2
Epoch 53800 --- Time: 70.27s --- C loss: -0.003506 --- G loss: 10.606852 --- W gap: 0.003798 --- GP: 0.000029 --- C(real): -10.601383 --- C(fake): -10.605181 --- dy std real/fake: 0.035464/0.035549 --- dy mean real/fake: 0.007962/0.007703 --- updates C/G: 10/2
Epoch 53900 --- Time: 69.16s --- C loss: -0.002951 --- G loss: 10.604617 --- W gap: 0.003219 --- GP: 0.000027 --- C(real): -10.599236 --- C(fake): -10.602455 --- dy std real/fake: 0.035464/0.035627 --- dy mean real/fake: 0.007962/0.007802 --- updates C/G: 10/2
Epoch 54000 --- Time: 69.37s --- C loss: -0.003029 --- G loss: 10.605760 --- W gap: 0.003292 --- GP: 0.000026 --- C(real): -10.603607 --- C(fake): -10.606899 --- dy std real/fake: 0.035464/0.035784 --- dy mean real/fake: 0.007962/0.007994 --- updates C/G: 10/2
Checkpoint epoch 54000 saved --- selection score: 0.012357 --- std rel err: 0.009038 --- mean abs err: 0.000905 --- best epoch: 24000
Epoch 54100 --- Time: 68.58s --- C loss: -0.002679 --- G loss: 10.615613 --- W gap: 0.003075 --- GP: 0.000040 --- C(real): -10.612212 --- C(fake): -10.615287 --- dy std real/fake: 0.035463/0.035513 --- dy mean real/fake: 0.007962/0.007826 --- updates C/G: 10/2
Epoch 54200 --- Time: 69.16s --- C loss: -0.003669 --- G loss: 10.649406 --- W gap: 0.003910 --- GP: 0.000024 --- C(real): -10.641204 --- C(fake): -10.645114 --- dy std real/fake: 0.035463/0.035261 --- dy mean real/fake: 0.007962/0.007466 --- updates C/G: 10/2
Epoch 54300 --- Time: 69.58s --- C loss: -0.003393 --- G loss: 10.668991 --- W gap: 0.003632 --- GP: 0.000024 --- C(real): -10.663663 --- C(fake): -10.667295 --- dy std real/fake: 0.035463/0.035371 --- dy mean real/fake: 0.007962/0.007624 --- updates C/G: 10/2
Epoch 54400 --- Time: 68.99s --- C loss: -0.003365 --- G loss: 10.681274 --- W gap: 0.003619 --- GP: 0.000025 --- C(real): -10.677263 --- C(fake): -10.680882 --- dy std real/fake: 0.035464/0.035308 --- dy mean real/fake: 0.007962/0.007381 --- updates C/G: 10/2
Epoch 54500 --- Time: 69.29s --- C loss: -0.003105 --- G loss: 10.691579 --- W gap: 0.003368 --- GP: 0.000026 --- C(real): -10.689648 --- C(fake): -10.693016 --- dy std real/fake: 0.035463/0.035296 --- dy mean real/fake: 0.007962/0.008012 --- updates C/G: 10/2
Epoch 54600 --- Time: 70.52s --- C loss: -0.003391 --- G loss: 10.691222 --- W gap: 0.003652 --- GP: 0.000026 --- C(real): -10.686956 --- C(fake): -10.690607 --- dy std real/fake: 0.035463/0.035271 --- dy mean real/fake: 0.007962/0.007734 --- updates C/G: 10/2
Epoch 54700 --- Time: 68.92s --- C loss: -0.002661 --- G loss: 10.705735 --- W gap: 0.002913 --- GP: 0.000025 --- C(real): -10.701595 --- C(fake): -10.704509 --- dy std real/fake: 0.035463/0.035301 --- dy mean real/fake: 0.007962/0.007858 --- updates C/G: 10/2
Epoch 54800 --- Time: 65.45s --- C loss: -0.002633 --- G loss: 10.730160 --- W gap: 0.002885 --- GP: 0.000025 --- C(real): -10.724955 --- C(fake): -10.727840 --- dy std real/fake: 0.035464/0.035443 --- dy mean real/fake: 0.007962/0.007997 --- updates C/G: 10/2
Epoch 54900 --- Time: 59.80s --- C loss: -0.004005 --- G loss: 10.739576 --- W gap: 0.004282 --- GP: 0.000028 --- C(real): -10.735017 --- C(fake): -10.739300 --- dy std real/fake: 0.035464/0.035445 --- dy mean real/fake: 0.007962/0.007659 --- updates C/G: 10/2
Epoch 55000 --- Time: 62.27s --- C loss: -0.004035 --- G loss: 10.742793 --- W gap: 0.004305 --- GP: 0.000027 --- C(real): -10.738332 --- C(fake): -10.742637 --- dy std real/fake: 0.035464/0.035627 --- dy mean real/fake: 0.007962/0.007620 --- updates C/G: 10/2
Checkpoint epoch 55000 saved --- selection score: 0.008930 --- std rel err: 0.004598 --- mean abs err: 0.009650 --- best epoch: 24000
Epoch 55100 --- Time: 61.68s --- C loss: -0.003930 --- G loss: 10.758204 --- W gap: 0.004217 --- GP: 0.000029 --- C(real): -10.755803 --- C(fake): -10.760020 --- dy std real/fake: 0.035463/0.035427 --- dy mean real/fake: 0.007962/0.007965 --- updates C/G: 10/2
Epoch 55200 --- Time: 62.34s --- C loss: -0.004286 --- G loss: 10.764295 --- W gap: 0.004557 --- GP: 0.000027 --- C(real): -10.761659 --- C(fake): -10.766216 --- dy std real/fake: 0.035463/0.035413 --- dy mean real/fake: 0.007962/0.008031 --- updates C/G: 10/2
Epoch 55300 --- Time: 61.80s --- C loss: -0.003091 --- G loss: 10.796226 --- W gap: 0.003352 --- GP: 0.000026 --- C(real): -10.789333 --- C(fake): -10.792685 --- dy std real/fake: 0.035464/0.035191 --- dy mean real/fake: 0.007962/0.007662 --- updates C/G: 10/2
Epoch 55400 --- Time: 61.85s --- C loss: -0.003113 --- G loss: 10.784927 --- W gap: 0.003373 --- GP: 0.000026 --- C(real): -10.781806 --- C(fake): -10.785180 --- dy std real/fake: 0.035463/0.035919 --- dy mean real/fake: 0.007962/0.008045 --- updates C/G: 10/2
Epoch 55500 --- Time: 63.04s --- C loss: -0.003633 --- G loss: 10.767037 --- W gap: 0.003905 --- GP: 0.000027 --- C(real): -10.764312 --- C(fake): -10.768218 --- dy std real/fake: 0.035464/0.035979 --- dy mean real/fake: 0.007962/0.008127 --- updates C/G: 10/2
Epoch 55600 --- Time: 60.98s --- C loss: -0.003552 --- G loss: 10.772273 --- W gap: 0.003835 --- GP: 0.000028 --- C(real): -10.769686 --- C(fake): -10.773521 --- dy std real/fake: 0.035464/0.035492 --- dy mean real/fake: 0.007962/0.008113 --- updates C/G: 10/2
Epoch 55700 --- Time: 61.47s --- C loss: -0.003379 --- G loss: 10.816612 --- W gap: 0.003648 --- GP: 0.000027 --- C(real): -10.813128 --- C(fake): -10.816776 --- dy std real/fake: 0.035464/0.034952 --- dy mean real/fake: 0.007962/0.007828 --- updates C/G: 10/2
Epoch 55800 --- Time: 61.02s --- C loss: -0.003277 --- G loss: 10.853599 --- W gap: 0.003544 --- GP: 0.000027 --- C(real): -10.848851 --- C(fake): -10.852395 --- dy std real/fake: 0.035463/0.035238 --- dy mean real/fake: 0.007962/0.007744 --- updates C/G: 10/2
Epoch 55900 --- Time: 60.99s --- C loss: -0.003310 --- G loss: 10.874156 --- W gap: 0.003596 --- GP: 0.000029 --- C(real): -10.870277 --- C(fake): -10.873872 --- dy std real/fake: 0.035464/0.035586 --- dy mean real/fake: 0.007962/0.008068 --- updates C/G: 10/2
Epoch 56000 --- Time: 61.17s --- C loss: -0.003296 --- G loss: 10.863133 --- W gap: 0.003575 --- GP: 0.000028 --- C(real): -10.858792 --- C(fake): -10.862366 --- dy std real/fake: 0.035464/0.035875 --- dy mean real/fake: 0.007962/0.007844 --- updates C/G: 10/2
Checkpoint epoch 56000 saved --- selection score: 0.015214 --- std rel err: 0.011611 --- mean abs err: 0.003333 --- best epoch: 24000
Epoch 56100 --- Time: 60.06s --- C loss: -0.003120 --- G loss: 10.852754 --- W gap: 0.003405 --- GP: 0.000029 --- C(real): -10.850623 --- C(fake): -10.854028 --- dy std real/fake: 0.035464/0.035841 --- dy mean real/fake: 0.007962/0.008026 --- updates C/G: 10/2
Epoch 56200 --- Time: 62.39s --- C loss: -0.003989 --- G loss: 10.881295 --- W gap: 0.004265 --- GP: 0.000028 --- C(real): -10.876196 --- C(fake): -10.880461 --- dy std real/fake: 0.035463/0.035140 --- dy mean real/fake: 0.007962/0.007882 --- updates C/G: 10/2
Epoch 56300 --- Time: 62.34s --- C loss: -0.003403 --- G loss: 10.918416 --- W gap: 0.003679 --- GP: 0.000028 --- C(real): -10.914457 --- C(fake): -10.918136 --- dy std real/fake: 0.035463/0.035280 --- dy mean real/fake: 0.007962/0.008129 --- updates C/G: 10/2
Epoch 56400 --- Time: 61.26s --- C loss: -0.003558 --- G loss: 10.932243 --- W gap: 0.003823 --- GP: 0.000027 --- C(real): -10.928885 --- C(fake): -10.932709 --- dy std real/fake: 0.035463/0.035459 --- dy mean real/fake: 0.007962/0.007892 --- updates C/G: 10/2
Epoch 56500 --- Time: 65.54s --- C loss: -0.003170 --- G loss: 10.919627 --- W gap: 0.003515 --- GP: 0.000035 --- C(real): -10.915450 --- C(fake): -10.918965 --- dy std real/fake: 0.035464/0.035646 --- dy mean real/fake: 0.007962/0.007986 --- updates C/G: 10/2
Epoch 56600 --- Time: 67.95s --- C loss: -0.003545 --- G loss: 10.941426 --- W gap: 0.003815 --- GP: 0.000027 --- C(real): -10.937872 --- C(fake): -10.941687 --- dy std real/fake: 0.035463/0.035626 --- dy mean real/fake: 0.007962/0.007926 --- updates C/G: 10/2
Epoch 56700 --- Time: 63.72s --- C loss: -0.003875 --- G loss: 10.933728 --- W gap: 0.004188 --- GP: 0.000031 --- C(real): -10.930801 --- C(fake): -10.934988 --- dy std real/fake: 0.035463/0.035603 --- dy mean real/fake: 0.007962/0.008149 --- updates C/G: 10/2
Epoch 56800 --- Time: 64.81s --- C loss: -0.003442 --- G loss: 10.960212 --- W gap: 0.003715 --- GP: 0.000027 --- C(real): -10.954315 --- C(fake): -10.958031 --- dy std real/fake: 0.035463/0.035219 --- dy mean real/fake: 0.007962/0.007652 --- updates C/G: 10/2
Epoch 56900 --- Time: 65.45s --- C loss: -0.002527 --- G loss: 10.988836 --- W gap: 0.002797 --- GP: 0.000027 --- C(real): -10.984785 --- C(fake): -10.987582 --- dy std real/fake: 0.035463/0.035238 --- dy mean real/fake: 0.007962/0.007874 --- updates C/G: 10/2
Epoch 57000 --- Time: 65.89s --- C loss: -0.003171 --- G loss: 11.007539 --- W gap: 0.003438 --- GP: 0.000027 --- C(real): -11.002857 --- C(fake): -11.006295 --- dy std real/fake: 0.035463/0.035318 --- dy mean real/fake: 0.007962/0.007940 --- updates C/G: 10/2
Checkpoint epoch 57000 saved --- selection score: 0.007570 --- std rel err: 0.004105 --- mean abs err: 0.000607 --- best epoch: 24000
Epoch 57100 --- Time: 67.87s --- C loss: -0.003632 --- G loss: 10.997219 --- W gap: 0.003899 --- GP: 0.000027 --- C(real): -10.993050 --- C(fake): -10.996949 --- dy std real/fake: 0.035464/0.035915 --- dy mean real/fake: 0.007962/0.007989 --- updates C/G: 10/2
Epoch 57200 --- Time: 67.26s --- C loss: -0.003637 --- G loss: 10.991019 --- W gap: 0.003916 --- GP: 0.000028 --- C(real): -10.989994 --- C(fake): -10.993909 --- dy std real/fake: 0.035464/0.035527 --- dy mean real/fake: 0.007962/0.008236 --- updates C/G: 10/2
Epoch 57300 --- Time: 66.58s --- C loss: -0.003752 --- G loss: 11.024363 --- W gap: 0.004013 --- GP: 0.000026 --- C(real): -11.019854 --- C(fake): -11.023868 --- dy std real/fake: 0.035463/0.035137 --- dy mean real/fake: 0.007962/0.007816 --- updates C/G: 10/2
Epoch 57400 --- Time: 66.40s --- C loss: -0.003163 --- G loss: 11.044308 --- W gap: 0.003443 --- GP: 0.000028 --- C(real): -11.039628 --- C(fake): -11.043071 --- dy std real/fake: 0.035463/0.035429 --- dy mean real/fake: 0.007962/0.007901 --- updates C/G: 10/2
Epoch 57500 --- Time: 66.93s --- C loss: -0.003004 --- G loss: 11.047194 --- W gap: 0.003279 --- GP: 0.000028 --- C(real): -11.045712 --- C(fake): -11.048991 --- dy std real/fake: 0.035464/0.035567 --- dy mean real/fake: 0.007962/0.008105 --- updates C/G: 10/2
Epoch 57600 --- Time: 67.47s --- C loss: -0.003900 --- G loss: 11.072773 --- W gap: 0.004170 --- GP: 0.000027 --- C(real): -11.071051 --- C(fake): -11.075221 --- dy std real/fake: 0.035463/0.035365 --- dy mean real/fake: 0.007962/0.007994 --- updates C/G: 10/2
Epoch 57700 --- Time: 67.59s --- C loss: -0.003529 --- G loss: 11.066346 --- W gap: 0.003808 --- GP: 0.000028 --- C(real): -11.062960 --- C(fake): -11.066768 --- dy std real/fake: 0.035464/0.035654 --- dy mean real/fake: 0.007962/0.007864 --- updates C/G: 10/2
Epoch 57800 --- Time: 67.34s --- C loss: -0.003091 --- G loss: 11.083064 --- W gap: 0.003361 --- GP: 0.000027 --- C(real): -11.079183 --- C(fake): -11.082544 --- dy std real/fake: 0.035463/0.035690 --- dy mean real/fake: 0.007962/0.007977 --- updates C/G: 10/2
Epoch 57900 --- Time: 66.98s --- C loss: -0.003674 --- G loss: 11.080521 --- W gap: 0.003952 --- GP: 0.000028 --- C(real): -11.077669 --- C(fake): -11.081621 --- dy std real/fake: 0.035464/0.035473 --- dy mean real/fake: 0.007962/0.008034 --- updates C/G: 10/2
Epoch 58000 --- Time: 67.05s --- C loss: -0.003092 --- G loss: 11.104788 --- W gap: 0.003373 --- GP: 0.000028 --- C(real): -11.102458 --- C(fake): -11.105831 --- dy std real/fake: 0.035464/0.035351 --- dy mean real/fake: 0.007962/0.007928 --- updates C/G: 10/2
Checkpoint epoch 58000 saved --- selection score: 0.006587 --- std rel err: 0.003186 --- mean abs err: 0.000953 --- best epoch: 24000
Epoch 58100 --- Time: 63.81s --- C loss: -0.003819 --- G loss: 11.135732 --- W gap: 0.004093 --- GP: 0.000027 --- C(real): -11.132869 --- C(fake): -11.136962 --- dy std real/fake: 0.035464/0.035194 --- dy mean real/fake: 0.007962/0.007947 --- updates C/G: 10/2
Epoch 58200 --- Time: 64.84s --- C loss: -0.003388 --- G loss: 11.137674 --- W gap: 0.003661 --- GP: 0.000027 --- C(real): -11.134865 --- C(fake): -11.138526 --- dy std real/fake: 0.035463/0.035729 --- dy mean real/fake: 0.007962/0.007971 --- updates C/G: 10/2
Epoch 58300 --- Time: 66.22s --- C loss: -0.003711 --- G loss: 11.149271 --- W gap: 0.004022 --- GP: 0.000031 --- C(real): -11.144752 --- C(fake): -11.148773 --- dy std real/fake: 0.035463/0.035367 --- dy mean real/fake: 0.007962/0.007860 --- updates C/G: 10/2
Epoch 58400 --- Time: 65.25s --- C loss: -0.003619 --- G loss: 11.191285 --- W gap: 0.003907 --- GP: 0.000029 --- C(real): -11.185345 --- C(fake): -11.189253 --- dy std real/fake: 0.035464/0.035215 --- dy mean real/fake: 0.007962/0.007777 --- updates C/G: 10/2
Epoch 58500 --- Time: 63.81s --- C loss: -0.003170 --- G loss: 11.176933 --- W gap: 0.003450 --- GP: 0.000028 --- C(real): -11.173316 --- C(fake): -11.176765 --- dy std real/fake: 0.035464/0.035587 --- dy mean real/fake: 0.007962/0.007902 --- updates C/G: 10/2
Epoch 58600 --- Time: 67.06s --- C loss: -0.003806 --- G loss: 11.189594 --- W gap: 0.004108 --- GP: 0.000030 --- C(real): -11.183663 --- C(fake): -11.187771 --- dy std real/fake: 0.035463/0.035372 --- dy mean real/fake: 0.007962/0.007854 --- updates C/G: 10/2
Epoch 58700 --- Time: 65.20s --- C loss: -0.003402 --- G loss: 11.204872 --- W gap: 0.003717 --- GP: 0.000031 --- C(real): -11.200144 --- C(fake): -11.203860 --- dy std real/fake: 0.035463/0.034997 --- dy mean real/fake: 0.007962/0.008016 --- updates C/G: 10/2
Epoch 58800 --- Time: 64.62s --- C loss: -0.003966 --- G loss: 11.223651 --- W gap: 0.004248 --- GP: 0.000028 --- C(real): -11.220377 --- C(fake): -11.224625 --- dy std real/fake: 0.035464/0.035119 --- dy mean real/fake: 0.007962/0.008010 --- updates C/G: 10/2
Epoch 58900 --- Time: 63.74s --- C loss: -0.004288 --- G loss: 11.230777 --- W gap: 0.004588 --- GP: 0.000030 --- C(real): -11.228344 --- C(fake): -11.232932 --- dy std real/fake: 0.035463/0.035729 --- dy mean real/fake: 0.007962/0.007953 --- updates C/G: 10/2
Epoch 59000 --- Time: 64.12s --- C loss: -0.003623 --- G loss: 11.231741 --- W gap: 0.003916 --- GP: 0.000029 --- C(real): -11.230155 --- C(fake): -11.234071 --- dy std real/fake: 0.035463/0.035849 --- dy mean real/fake: 0.007962/0.008043 --- updates C/G: 10/2
Checkpoint epoch 59000 saved --- selection score: 0.014817 --- std rel err: 0.010872 --- mean abs err: 0.002282 --- best epoch: 24000
Epoch 59100 --- Time: 64.15s --- C loss: -0.002979 --- G loss: 11.230580 --- W gap: 0.003308 --- GP: 0.000033 --- C(real): -11.225141 --- C(fake): -11.228449 --- dy std real/fake: 0.035463/0.035393 --- dy mean real/fake: 0.007962/0.008011 --- updates C/G: 10/2
Epoch 59200 --- Time: 64.15s --- C loss: -0.003243 --- G loss: 11.273229 --- W gap: 0.003514 --- GP: 0.000027 --- C(real): -11.267565 --- C(fake): -11.271079 --- dy std real/fake: 0.035463/0.034663 --- dy mean real/fake: 0.007962/0.007811 --- updates C/G: 10/2
Epoch 59300 --- Time: 63.72s --- C loss: -0.004106 --- G loss: 11.297188 --- W gap: 0.004413 --- GP: 0.000031 --- C(real): -11.291514 --- C(fake): -11.295927 --- dy std real/fake: 0.035464/0.035496 --- dy mean real/fake: 0.007962/0.007941 --- updates C/G: 10/2
Epoch 59400 --- Time: 64.64s --- C loss: -0.003488 --- G loss: 11.276790 --- W gap: 0.003777 --- GP: 0.000029 --- C(real): -11.271201 --- C(fake): -11.274978 --- dy std real/fake: 0.035464/0.035933 --- dy mean real/fake: 0.007962/0.008107 --- updates C/G: 10/2
Epoch 59500 --- Time: 64.74s --- C loss: -0.002609 --- G loss: 11.277532 --- W gap: 0.002926 --- GP: 0.000032 --- C(real): -11.277290 --- C(fake): -11.280217 --- dy std real/fake: 0.035463/0.035469 --- dy mean real/fake: 0.007962/0.008270 --- updates C/G: 10/2
Epoch 59600 --- Time: 63.95s --- C loss: -0.003602 --- G loss: 11.311060 --- W gap: 0.003903 --- GP: 0.000030 --- C(real): -11.306658 --- C(fake): -11.310561 --- dy std real/fake: 0.035463/0.035053 --- dy mean real/fake: 0.007962/0.007747 --- updates C/G: 10/2
Epoch 59700 --- Time: 65.18s --- C loss: -0.004029 --- G loss: 11.333552 --- W gap: 0.004335 --- GP: 0.000031 --- C(real): -11.329034 --- C(fake): -11.333369 --- dy std real/fake: 0.035463/0.035456 --- dy mean real/fake: 0.007962/0.007907 --- updates C/G: 10/2
Epoch 59800 --- Time: 65.63s --- C loss: -0.003366 --- G loss: 11.314055 --- W gap: 0.003664 --- GP: 0.000030 --- C(real): -11.309212 --- C(fake): -11.312876 --- dy std real/fake: 0.035464/0.035894 --- dy mean real/fake: 0.007962/0.007931 --- updates C/G: 10/2
Epoch 59900 --- Time: 64.19s --- C loss: -0.003153 --- G loss: 11.334034 --- W gap: 0.003439 --- GP: 0.000029 --- C(real): -11.329509 --- C(fake): -11.332948 --- dy std real/fake: 0.035464/0.035246 --- dy mean real/fake: 0.007962/0.007846 --- updates C/G: 10/2
Epoch 60000 --- Time: 63.11s --- C loss: -0.002839 --- G loss: 11.352089 --- W gap: 0.003151 --- GP: 0.000031 --- C(real): -11.346325 --- C(fake): -11.349476 --- dy std real/fake: 0.035464/0.035566 --- dy mean real/fake: 0.007962/0.007951 --- updates C/G: 10/2
Checkpoint epoch 60000 saved --- selection score: 0.006077 --- std rel err: 0.002895 --- mean abs err: 0.000305 --- best epoch: 24000
Epoch 60100 --- Time: 63.60s --- C loss: -0.003090 --- G loss: 11.345016 --- W gap: 0.003396 --- GP: 0.000031 --- C(real): -11.339543 --- C(fake): -11.342939 --- dy std real/fake: 0.035464/0.035594 --- dy mean real/fake: 0.007962/0.007879 --- updates C/G: 10/2
Epoch 60200 --- Time: 64.27s --- C loss: -0.003558 --- G loss: 11.364819 --- W gap: 0.003861 --- GP: 0.000030 --- C(real): -11.360082 --- C(fake): -11.363943 --- dy std real/fake: 0.035463/0.035663 --- dy mean real/fake: 0.007962/0.007839 --- updates C/G: 10/2
Epoch 60300 --- Time: 64.74s --- C loss: -0.003866 --- G loss: 11.372833 --- W gap: 0.004149 --- GP: 0.000028 --- C(real): -11.370293 --- C(fake): -11.374442 --- dy std real/fake: 0.035464/0.035095 --- dy mean real/fake: 0.007962/0.008016 --- updates C/G: 10/2
Epoch 60400 --- Time: 64.21s --- C loss: -0.004113 --- G loss: 11.381361 --- W gap: 0.004405 --- GP: 0.000029 --- C(real): -11.376532 --- C(fake): -11.380937 --- dy std real/fake: 0.035463/0.035491 --- dy mean real/fake: 0.007962/0.007959 --- updates C/G: 10/2
Epoch 60500 --- Time: 63.59s --- C loss: -0.004015 --- G loss: 11.387077 --- W gap: 0.004307 --- GP: 0.000029 --- C(real): -11.380989 --- C(fake): -11.385296 --- dy std real/fake: 0.035464/0.035560 --- dy mean real/fake: 0.007962/0.007844 --- updates C/G: 10/2
Epoch 60600 --- Time: 63.99s --- C loss: -0.004176 --- G loss: 11.394779 --- W gap: 0.004464 --- GP: 0.000029 --- C(real): -11.390527 --- C(fake): -11.394991 --- dy std real/fake: 0.035464/0.035096 --- dy mean real/fake: 0.007962/0.007967 --- updates C/G: 10/2
Epoch 60700 --- Time: 63.87s --- C loss: -0.003902 --- G loss: 11.413556 --- W gap: 0.004206 --- GP: 0.000030 --- C(real): -11.413057 --- C(fake): -11.417262 --- dy std real/fake: 0.035463/0.035361 --- dy mean real/fake: 0.007962/0.007919 --- updates C/G: 10/2
Epoch 60800 --- Time: 64.94s --- C loss: -0.003438 --- G loss: 11.425159 --- W gap: 0.003737 --- GP: 0.000030 --- C(real): -11.420753 --- C(fake): -11.424490 --- dy std real/fake: 0.035463/0.035359 --- dy mean real/fake: 0.007962/0.007783 --- updates C/G: 10/2
Epoch 60900 --- Time: 65.25s --- C loss: -0.003855 --- G loss: 11.419704 --- W gap: 0.004150 --- GP: 0.000030 --- C(real): -11.414081 --- C(fake): -11.418231 --- dy std real/fake: 0.035463/0.035643 --- dy mean real/fake: 0.007962/0.007976 --- updates C/G: 10/2
Epoch 61000 --- Time: 64.86s --- C loss: -0.003099 --- G loss: 11.439216 --- W gap: 0.003399 --- GP: 0.000030 --- C(real): -11.433887 --- C(fake): -11.437287 --- dy std real/fake: 0.035463/0.035487 --- dy mean real/fake: 0.007962/0.007965 --- updates C/G: 10/2
Checkpoint epoch 61000 saved --- selection score: 0.004091 --- std rel err: 0.000662 --- mean abs err: 0.000078 --- best epoch: 24000
Epoch 61100 --- Time: 65.02s --- C loss: -0.003548 --- G loss: 11.459432 --- W gap: 0.003846 --- GP: 0.000030 --- C(real): -11.455649 --- C(fake): -11.459494 --- dy std real/fake: 0.035463/0.035194 --- dy mean real/fake: 0.007962/0.008062 --- updates C/G: 10/2
Epoch 61200 --- Time: 65.17s --- C loss: -0.003431 --- G loss: 11.473861 --- W gap: 0.003755 --- GP: 0.000032 --- C(real): -11.468112 --- C(fake): -11.471867 --- dy std real/fake: 0.035463/0.035505 --- dy mean real/fake: 0.007962/0.007763 --- updates C/G: 10/2
Epoch 61300 --- Time: 65.33s --- C loss: -0.004218 --- G loss: 11.460280 --- W gap: 0.004527 --- GP: 0.000031 --- C(real): -11.456979 --- C(fake): -11.461506 --- dy std real/fake: 0.035464/0.035591 --- dy mean real/fake: 0.007962/0.008021 --- updates C/G: 10/2
Epoch 61400 --- Time: 64.95s --- C loss: -0.003342 --- G loss: 11.471278 --- W gap: 0.003629 --- GP: 0.000029 --- C(real): -11.464854 --- C(fake): -11.468483 --- dy std real/fake: 0.035463/0.035340 --- dy mean real/fake: 0.007962/0.007773 --- updates C/G: 10/2
Epoch 61500 --- Time: 64.00s --- C loss: -0.003840 --- G loss: 11.502440 --- W gap: 0.004142 --- GP: 0.000030 --- C(real): -11.498053 --- C(fake): -11.502196 --- dy std real/fake: 0.035463/0.035218 --- dy mean real/fake: 0.007962/0.007736 --- updates C/G: 10/2
Epoch 61600 --- Time: 62.35s --- C loss: -0.003202 --- G loss: 11.512516 --- W gap: 0.003510 --- GP: 0.000031 --- C(real): -11.510678 --- C(fake): -11.514189 --- dy std real/fake: 0.035463/0.035413 --- dy mean real/fake: 0.007962/0.008024 --- updates C/G: 10/2
Epoch 61700 --- Time: 63.36s --- C loss: -0.003315 --- G loss: 11.506736 --- W gap: 0.003604 --- GP: 0.000029 --- C(real): -11.502194 --- C(fake): -11.505798 --- dy std real/fake: 0.035464/0.035736 --- dy mean real/fake: 0.007962/0.007942 --- updates C/G: 10/2
Epoch 61800 --- Time: 62.77s --- C loss: -0.003397 --- G loss: 11.506505 --- W gap: 0.003695 --- GP: 0.000030 --- C(real): -11.501015 --- C(fake): -11.504710 --- dy std real/fake: 0.035464/0.035710 --- dy mean real/fake: 0.007962/0.007910 --- updates C/G: 10/2
Epoch 61900 --- Time: 62.62s --- C loss: -0.004559 --- G loss: 11.532084 --- W gap: 0.004864 --- GP: 0.000030 --- C(real): -11.527141 --- C(fake): -11.532004 --- dy std real/fake: 0.035463/0.035423 --- dy mean real/fake: 0.007962/0.007862 --- updates C/G: 10/2
Epoch 62000 --- Time: 63.24s --- C loss: -0.003844 --- G loss: 11.549347 --- W gap: 0.004150 --- GP: 0.000031 --- C(real): -11.544112 --- C(fake): -11.548262 --- dy std real/fake: 0.035464/0.035288 --- dy mean real/fake: 0.007962/0.007885 --- updates C/G: 10/2
Checkpoint epoch 62000 saved --- selection score: 0.009123 --- std rel err: 0.004943 --- mean abs err: 0.002163 --- best epoch: 24000
Epoch 62100 --- Time: 62.83s --- C loss: -0.003966 --- G loss: 11.549596 --- W gap: 0.004279 --- GP: 0.000031 --- C(real): -11.547086 --- C(fake): -11.551365 --- dy std real/fake: 0.035463/0.035734 --- dy mean real/fake: 0.007962/0.008105 --- updates C/G: 10/2
Epoch 62200 --- Time: 63.08s --- C loss: -0.003481 --- G loss: 11.543678 --- W gap: 0.003784 --- GP: 0.000030 --- C(real): -11.539366 --- C(fake): -11.543149 --- dy std real/fake: 0.035463/0.035517 --- dy mean real/fake: 0.007962/0.007777 --- updates C/G: 10/2
Epoch 62300 --- Time: 63.26s --- C loss: -0.003782 --- G loss: 11.578632 --- W gap: 0.004073 --- GP: 0.000029 --- C(real): -11.572838 --- C(fake): -11.576911 --- dy std real/fake: 0.035464/0.035031 --- dy mean real/fake: 0.007962/0.007865 --- updates C/G: 10/2
Epoch 62400 --- Time: 63.52s --- C loss: -0.003765 --- G loss: 11.592197 --- W gap: 0.004086 --- GP: 0.000032 --- C(real): -11.590069 --- C(fake): -11.594155 --- dy std real/fake: 0.035464/0.035698 --- dy mean real/fake: 0.007962/0.007927 --- updates C/G: 10/2
Epoch 62500 --- Time: 63.36s --- C loss: -0.004070 --- G loss: 11.563925 --- W gap: 0.004405 --- GP: 0.000034 --- C(real): -11.558023 --- C(fake): -11.562428 --- dy std real/fake: 0.035464/0.035870 --- dy mean real/fake: 0.007962/0.007991 --- updates C/G: 10/2
Epoch 62600 --- Time: 63.01s --- C loss: -0.003443 --- G loss: 11.597841 --- W gap: 0.003729 --- GP: 0.000029 --- C(real): -11.593257 --- C(fake): -11.596986 --- dy std real/fake: 0.035463/0.035104 --- dy mean real/fake: 0.007962/0.007937 --- updates C/G: 10/2
Epoch 62700 --- Time: 63.11s --- C loss: -0.003370 --- G loss: 11.630053 --- W gap: 0.003693 --- GP: 0.000032 --- C(real): -11.622819 --- C(fake): -11.626512 --- dy std real/fake: 0.035463/0.035596 --- dy mean real/fake: 0.007962/0.007794 --- updates C/G: 10/2
Epoch 62800 --- Time: 64.24s --- C loss: -0.003591 --- G loss: 11.624171 --- W gap: 0.003905 --- GP: 0.000031 --- C(real): -11.622794 --- C(fake): -11.626698 --- dy std real/fake: 0.035463/0.035101 --- dy mean real/fake: 0.007962/0.007979 --- updates C/G: 10/2
Epoch 62900 --- Time: 63.32s --- C loss: -0.003825 --- G loss: 11.646268 --- W gap: 0.004129 --- GP: 0.000030 --- C(real): -11.643842 --- C(fake): -11.647971 --- dy std real/fake: 0.035464/0.035208 --- dy mean real/fake: 0.007962/0.008043 --- updates C/G: 10/2
Epoch 63000 --- Time: 63.20s --- C loss: -0.003870 --- G loss: 11.654912 --- W gap: 0.004179 --- GP: 0.000031 --- C(real): -11.650629 --- C(fake): -11.654809 --- dy std real/fake: 0.035464/0.035674 --- dy mean real/fake: 0.007962/0.008015 --- updates C/G: 10/2
Checkpoint epoch 63000 saved --- selection score: 0.010139 --- std rel err: 0.005929 --- mean abs err: 0.001497 --- best epoch: 24000
Epoch 63100 --- Time: 63.64s --- C loss: -0.003717 --- G loss: 11.659505 --- W gap: 0.004053 --- GP: 0.000034 --- C(real): -11.658353 --- C(fake): -11.662405 --- dy std real/fake: 0.035463/0.035610 --- dy mean real/fake: 0.007962/0.007911 --- updates C/G: 10/2
Epoch 63200 --- Time: 62.83s --- C loss: -0.004180 --- G loss: 11.665628 --- W gap: 0.004478 --- GP: 0.000030 --- C(real): -11.661661 --- C(fake): -11.666140 --- dy std real/fake: 0.035463/0.035376 --- dy mean real/fake: 0.007962/0.008127 --- updates C/G: 10/2
Epoch 63300 --- Time: 62.76s --- C loss: -0.004045 --- G loss: 11.681066 --- W gap: 0.004352 --- GP: 0.000031 --- C(real): -11.677748 --- C(fake): -11.682100 --- dy std real/fake: 0.035463/0.035233 --- dy mean real/fake: 0.007962/0.008071 --- updates C/G: 10/2
Epoch 63400 --- Time: 62.82s --- C loss: -0.003659 --- G loss: 11.681113 --- W gap: 0.003976 --- GP: 0.000032 --- C(real): -11.678839 --- C(fake): -11.682815 --- dy std real/fake: 0.035464/0.035738 --- dy mean real/fake: 0.007962/0.008078 --- updates C/G: 10/2
Epoch 63500 --- Time: 62.78s --- C loss: -0.003175 --- G loss: 11.691326 --- W gap: 0.003498 --- GP: 0.000032 --- C(real): -11.689491 --- C(fake): -11.692989 --- dy std real/fake: 0.035463/0.035706 --- dy mean real/fake: 0.007962/0.007988 --- updates C/G: 10/2
Epoch 63600 --- Time: 63.07s --- C loss: -0.003348 --- G loss: 11.721821 --- W gap: 0.003659 --- GP: 0.000031 --- C(real): -11.718035 --- C(fake): -11.721694 --- dy std real/fake: 0.035464/0.035419 --- dy mean real/fake: 0.007962/0.007955 --- updates C/G: 10/2
Epoch 63700 --- Time: 62.40s --- C loss: -0.003398 --- G loss: 11.744763 --- W gap: 0.003704 --- GP: 0.000031 --- C(real): -11.742292 --- C(fake): -11.745996 --- dy std real/fake: 0.035463/0.034943 --- dy mean real/fake: 0.007962/0.008104 --- updates C/G: 10/2
Epoch 63800 --- Time: 63.43s --- C loss: -0.003595 --- G loss: 11.758677 --- W gap: 0.003917 --- GP: 0.000032 --- C(real): -11.755768 --- C(fake): -11.759685 --- dy std real/fake: 0.035464/0.035543 --- dy mean real/fake: 0.007962/0.007933 --- updates C/G: 10/2
Epoch 63900 --- Time: 62.45s --- C loss: -0.003100 --- G loss: 11.757464 --- W gap: 0.003411 --- GP: 0.000031 --- C(real): -11.754891 --- C(fake): -11.758302 --- dy std real/fake: 0.035464/0.035679 --- dy mean real/fake: 0.007962/0.008059 --- updates C/G: 10/2
Epoch 64000 --- Time: 62.42s --- C loss: -0.003596 --- G loss: 11.763570 --- W gap: 0.003929 --- GP: 0.000033 --- C(real): -11.757639 --- C(fake): -11.761569 --- dy std real/fake: 0.035464/0.035473 --- dy mean real/fake: 0.007962/0.007860 --- updates C/G: 10/2
Checkpoint epoch 64000 saved --- selection score: 0.004219 --- std rel err: 0.000257 --- mean abs err: 0.002870 --- best epoch: 24000
Epoch 64100 --- Time: 62.81s --- C loss: -0.003620 --- G loss: 11.782877 --- W gap: 0.003931 --- GP: 0.000031 --- C(real): -11.780249 --- C(fake): -11.784180 --- dy std real/fake: 0.035463/0.035352 --- dy mean real/fake: 0.007962/0.007934 --- updates C/G: 10/2
Epoch 64200 --- Time: 62.59s --- C loss: -0.003346 --- G loss: 11.793347 --- W gap: 0.003669 --- GP: 0.000032 --- C(real): -11.788387 --- C(fake): -11.792056 --- dy std real/fake: 0.035463/0.035513 --- dy mean real/fake: 0.007962/0.007852 --- updates C/G: 10/2
Epoch 64300 --- Time: 63.88s --- C loss: -0.003505 --- G loss: 11.818964 --- W gap: 0.003812 --- GP: 0.000031 --- C(real): -11.814866 --- C(fake): -11.818678 --- dy std real/fake: 0.035464/0.035121 --- dy mean real/fake: 0.007962/0.008097 --- updates C/G: 10/2
Epoch 64400 --- Time: 65.72s --- C loss: -0.003383 --- G loss: 11.847265 --- W gap: 0.003696 --- GP: 0.000031 --- C(real): -11.843027 --- C(fake): -11.846723 --- dy std real/fake: 0.035464/0.035181 --- dy mean real/fake: 0.007962/0.007933 --- updates C/G: 10/2
Epoch 64500 --- Time: 65.15s --- C loss: -0.003667 --- G loss: 11.831878 --- W gap: 0.003977 --- GP: 0.000031 --- C(real): -11.824639 --- C(fake): -11.828617 --- dy std real/fake: 0.035464/0.035818 --- dy mean real/fake: 0.007962/0.007840 --- updates C/G: 10/2
Epoch 64600 --- Time: 64.94s --- C loss: -0.003521 --- G loss: 11.846499 --- W gap: 0.003847 --- GP: 0.000033 --- C(real): -11.843675 --- C(fake): -11.847522 --- dy std real/fake: 0.035464/0.035309 --- dy mean real/fake: 0.007962/0.007901 --- updates C/G: 10/2
Epoch 64700 --- Time: 66.41s --- C loss: -0.003512 --- G loss: 11.874397 --- W gap: 0.003820 --- GP: 0.000031 --- C(real): -11.870093 --- C(fake): -11.873913 --- dy std real/fake: 0.035464/0.034887 --- dy mean real/fake: 0.007962/0.008067 --- updates C/G: 10/2
Epoch 64800 --- Time: 69.03s --- C loss: -0.003981 --- G loss: 11.890428 --- W gap: 0.004306 --- GP: 0.000032 --- C(real): -11.887527 --- C(fake): -11.891833 --- dy std real/fake: 0.035463/0.035667 --- dy mean real/fake: 0.007962/0.007955 --- updates C/G: 10/2
Epoch 64900 --- Time: 68.62s --- C loss: -0.003946 --- G loss: 11.859741 --- W gap: 0.004260 --- GP: 0.000031 --- C(real): -11.856715 --- C(fake): -11.860975 --- dy std real/fake: 0.035463/0.035705 --- dy mean real/fake: 0.007962/0.008077 --- updates C/G: 10/2
Epoch 65000 --- Time: 68.47s --- C loss: -0.002798 --- G loss: 11.874011 --- W gap: 0.003120 --- GP: 0.000032 --- C(real): -11.870224 --- C(fake): -11.873343 --- dy std real/fake: 0.035463/0.035317 --- dy mean real/fake: 0.007962/0.007981 --- updates C/G: 10/2
Checkpoint epoch 65000 saved --- selection score: 0.007273 --- std rel err: 0.004121 --- mean abs err: 0.000551 --- best epoch: 24000
Epoch 65100 --- Time: 68.47s --- C loss: -0.003993 --- G loss: 11.913561 --- W gap: 0.004306 --- GP: 0.000031 --- C(real): -11.910037 --- C(fake): -11.914343 --- dy std real/fake: 0.035463/0.034905 --- dy mean real/fake: 0.007962/0.007960 --- updates C/G: 10/2
Epoch 65200 --- Time: 67.05s --- C loss: -0.003532 --- G loss: 11.922558 --- W gap: 0.003856 --- GP: 0.000032 --- C(real): -11.917887 --- C(fake): -11.921743 --- dy std real/fake: 0.035463/0.035582 --- dy mean real/fake: 0.007962/0.008002 --- updates C/G: 10/2
Epoch 65300 --- Time: 67.19s --- C loss: -0.003657 --- G loss: 11.931821 --- W gap: 0.003986 --- GP: 0.000033 --- C(real): -11.929256 --- C(fake): -11.933242 --- dy std real/fake: 0.035464/0.035301 --- dy mean real/fake: 0.007962/0.008030 --- updates C/G: 10/2
Epoch 65400 --- Time: 68.71s --- C loss: -0.003437 --- G loss: 11.953320 --- W gap: 0.003761 --- GP: 0.000032 --- C(real): -11.946295 --- C(fake): -11.950056 --- dy std real/fake: 0.035464/0.035425 --- dy mean real/fake: 0.007962/0.007851 --- updates C/G: 10/2
Epoch 65500 --- Time: 66.54s --- C loss: -0.003126 --- G loss: 11.952025 --- W gap: 0.003470 --- GP: 0.000034 --- C(real): -11.949642 --- C(fake): -11.953111 --- dy std real/fake: 0.035463/0.035553 --- dy mean real/fake: 0.007962/0.008068 --- updates C/G: 10/2
Epoch 65600 --- Time: 67.98s --- C loss: -0.004095 --- G loss: 11.973212 --- W gap: 0.004411 --- GP: 0.000032 --- C(real): -11.969446 --- C(fake): -11.973856 --- dy std real/fake: 0.035464/0.035224 --- dy mean real/fake: 0.007962/0.007945 --- updates C/G: 10/2
Epoch 65700 --- Time: 68.01s --- C loss: -0.003646 --- G loss: 11.981887 --- W gap: 0.003970 --- GP: 0.000032 --- C(real): -11.976196 --- C(fake): -11.980166 --- dy std real/fake: 0.035464/0.035543 --- dy mean real/fake: 0.007962/0.007780 --- updates C/G: 10/2
Epoch 65800 --- Time: 69.75s --- C loss: -0.004245 --- G loss: 11.993381 --- W gap: 0.004556 --- GP: 0.000031 --- C(real): -11.988563 --- C(fake): -11.993119 --- dy std real/fake: 0.035463/0.035277 --- dy mean real/fake: 0.007962/0.007978 --- updates C/G: 10/2
Epoch 65900 --- Time: 67.22s --- C loss: -0.003103 --- G loss: 12.002203 --- W gap: 0.003425 --- GP: 0.000032 --- C(real): -11.997761 --- C(fake): -12.001186 --- dy std real/fake: 0.035463/0.035207 --- dy mean real/fake: 0.007962/0.008016 --- updates C/G: 10/2
Epoch 66000 --- Time: 67.40s --- C loss: -0.003655 --- G loss: 12.005863 --- W gap: 0.003985 --- GP: 0.000033 --- C(real): -12.002202 --- C(fake): -12.006187 --- dy std real/fake: 0.035464/0.035615 --- dy mean real/fake: 0.007962/0.008067 --- updates C/G: 10/2
Checkpoint epoch 66000 saved --- selection score: 0.008290 --- std rel err: 0.004272 --- mean abs err: 0.002957 --- best epoch: 24000
Epoch 66100 --- Time: 69.17s --- C loss: -0.003677 --- G loss: 12.021753 --- W gap: 0.004010 --- GP: 0.000033 --- C(real): -12.016946 --- C(fake): -12.020956 --- dy std real/fake: 0.035464/0.035551 --- dy mean real/fake: 0.007962/0.007922 --- updates C/G: 10/2
Epoch 66200 --- Time: 66.29s --- C loss: -0.003420 --- G loss: 12.030204 --- W gap: 0.003746 --- GP: 0.000033 --- C(real): -12.025870 --- C(fake): -12.029616 --- dy std real/fake: 0.035463/0.035275 --- dy mean real/fake: 0.007962/0.007869 --- updates C/G: 10/2
Epoch 66300 --- Time: 67.68s --- C loss: -0.003426 --- G loss: 12.046233 --- W gap: 0.003759 --- GP: 0.000033 --- C(real): -12.042266 --- C(fake): -12.046024 --- dy std real/fake: 0.035463/0.035277 --- dy mean real/fake: 0.007962/0.007883 --- updates C/G: 10/2
Epoch 66400 --- Time: 67.31s --- C loss: -0.003879 --- G loss: 12.062183 --- W gap: 0.004211 --- GP: 0.000033 --- C(real): -12.057874 --- C(fake): -12.062085 --- dy std real/fake: 0.035464/0.035299 --- dy mean real/fake: 0.007962/0.007914 --- updates C/G: 10/2
Epoch 66500 --- Time: 67.63s --- C loss: -0.004060 --- G loss: 12.075790 --- W gap: 0.004398 --- GP: 0.000034 --- C(real): -12.074786 --- C(fake): -12.079183 --- dy std real/fake: 0.035463/0.035287 --- dy mean real/fake: 0.007962/0.008082 --- updates C/G: 10/2
Epoch 66600 --- Time: 66.80s --- C loss: -0.003975 --- G loss: 12.085486 --- W gap: 0.004340 --- GP: 0.000036 --- C(real): -12.081234 --- C(fake): -12.085574 --- dy std real/fake: 0.035464/0.035508 --- dy mean real/fake: 0.007962/0.007933 --- updates C/G: 10/2
Epoch 66700 --- Time: 67.12s --- C loss: -0.004287 --- G loss: 12.071003 --- W gap: 0.004634 --- GP: 0.000035 --- C(real): -12.068996 --- C(fake): -12.073630 --- dy std real/fake: 0.035463/0.035560 --- dy mean real/fake: 0.007962/0.008018 --- updates C/G: 10/2
Epoch 66800 --- Time: 66.86s --- C loss: -0.003623 --- G loss: 12.093812 --- W gap: 0.003951 --- GP: 0.000033 --- C(real): -12.089907 --- C(fake): -12.093858 --- dy std real/fake: 0.035463/0.035435 --- dy mean real/fake: 0.007962/0.007879 --- updates C/G: 10/2
Epoch 66900 --- Time: 66.78s --- C loss: -0.003712 --- G loss: 12.101344 --- W gap: 0.004044 --- GP: 0.000033 --- C(real): -12.099249 --- C(fake): -12.103293 --- dy std real/fake: 0.035463/0.035648 --- dy mean real/fake: 0.007962/0.007872 --- updates C/G: 10/2
Epoch 67000 --- Time: 66.72s --- C loss: -0.003142 --- G loss: 12.106445 --- W gap: 0.003476 --- GP: 0.000033 --- C(real): -12.102759 --- C(fake): -12.106234 --- dy std real/fake: 0.035464/0.035252 --- dy mean real/fake: 0.007962/0.008022 --- updates C/G: 10/2
Checkpoint epoch 67000 saved --- selection score: 0.009467 --- std rel err: 0.005957 --- mean abs err: 0.001706 --- best epoch: 24000
Epoch 67100 --- Time: 66.90s --- C loss: -0.003329 --- G loss: 12.118855 --- W gap: 0.003674 --- GP: 0.000034 --- C(real): -12.114120 --- C(fake): -12.117793 --- dy std real/fake: 0.035463/0.035329 --- dy mean real/fake: 0.007962/0.007962 --- updates C/G: 10/2
Epoch 67200 --- Time: 66.92s --- C loss: -0.002927 --- G loss: 12.134958 --- W gap: 0.003243 --- GP: 0.000032 --- C(real): -12.131439 --- C(fake): -12.134681 --- dy std real/fake: 0.035463/0.035651 --- dy mean real/fake: 0.007962/0.007970 --- updates C/G: 10/2
Epoch 67300 --- Time: 67.71s --- C loss: -0.003480 --- G loss: 12.140324 --- W gap: 0.003822 --- GP: 0.000034 --- C(real): -12.135143 --- C(fake): -12.138965 --- dy std real/fake: 0.035463/0.035193 --- dy mean real/fake: 0.007962/0.007940 --- updates C/G: 10/2
Epoch 67400 --- Time: 65.99s --- C loss: -0.003129 --- G loss: 12.153669 --- W gap: 0.003466 --- GP: 0.000034 --- C(real): -12.150885 --- C(fake): -12.154352 --- dy std real/fake: 0.035463/0.035440 --- dy mean real/fake: 0.007962/0.008010 --- updates C/G: 10/2
Epoch 67500 --- Time: 67.13s --- C loss: -0.004573 --- G loss: 12.154947 --- W gap: 0.004913 --- GP: 0.000034 --- C(real): -12.150721 --- C(fake): -12.155633 --- dy std real/fake: 0.035463/0.035463 --- dy mean real/fake: 0.007962/0.007885 --- updates C/G: 10/2
Epoch 67600 --- Time: 68.20s --- C loss: -0.003132 --- G loss: 12.178434 --- W gap: 0.003474 --- GP: 0.000034 --- C(real): -12.172483 --- C(fake): -12.175958 --- dy std real/fake: 0.035463/0.035118 --- dy mean real/fake: 0.007962/0.007871 --- updates C/G: 10/2
Epoch 67700 --- Time: 67.78s --- C loss: -0.003466 --- G loss: 12.195277 --- W gap: 0.003872 --- GP: 0.000041 --- C(real): -12.190705 --- C(fake): -12.194577 --- dy std real/fake: 0.035464/0.035426 --- dy mean real/fake: 0.007962/0.007905 --- updates C/G: 10/2
Epoch 67800 --- Time: 66.99s --- C loss: -0.003715 --- G loss: 12.189656 --- W gap: 0.004050 --- GP: 0.000033 --- C(real): -12.184702 --- C(fake): -12.188752 --- dy std real/fake: 0.035464/0.035752 --- dy mean real/fake: 0.007962/0.008015 --- updates C/G: 10/2
Epoch 67900 --- Time: 66.80s --- C loss: -0.003888 --- G loss: 12.180413 --- W gap: 0.004241 --- GP: 0.000035 --- C(real): -12.178239 --- C(fake): -12.182481 --- dy std real/fake: 0.035464/0.035636 --- dy mean real/fake: 0.007962/0.007990 --- updates C/G: 10/2
Epoch 68000 --- Time: 67.05s --- C loss: -0.004291 --- G loss: 12.196453 --- W gap: 0.004642 --- GP: 0.000035 --- C(real): -12.191732 --- C(fake): -12.196373 --- dy std real/fake: 0.035463/0.035338 --- dy mean real/fake: 0.007962/0.007787 --- updates C/G: 10/2
Checkpoint epoch 68000 saved --- selection score: 0.008199 --- std rel err: 0.003522 --- mean abs err: 0.004934 --- best epoch: 24000
Epoch 68100 --- Time: 66.69s --- C loss: -0.003376 --- G loss: 12.213526 --- W gap: 0.003715 --- GP: 0.000034 --- C(real): -12.208655 --- C(fake): -12.212369 --- dy std real/fake: 0.035463/0.035153 --- dy mean real/fake: 0.007962/0.007898 --- updates C/G: 10/2
Epoch 68200 --- Time: 63.15s --- C loss: -0.003934 --- G loss: 12.209006 --- W gap: 0.004272 --- GP: 0.000034 --- C(real): -12.205182 --- C(fake): -12.209453 --- dy std real/fake: 0.035464/0.035607 --- dy mean real/fake: 0.007962/0.008006 --- updates C/G: 10/2
Epoch 68300 --- Time: 67.87s --- C loss: -0.003877 --- G loss: 12.216360 --- W gap: 0.004194 --- GP: 0.000032 --- C(real): -12.209989 --- C(fake): -12.214184 --- dy std real/fake: 0.035463/0.035460 --- dy mean real/fake: 0.007962/0.008006 --- updates C/G: 10/2
Epoch 68400 --- Time: 65.20s --- C loss: -0.003489 --- G loss: 12.220247 --- W gap: 0.003828 --- GP: 0.000034 --- C(real): -12.216868 --- C(fake): -12.220696 --- dy std real/fake: 0.035463/0.035291 --- dy mean real/fake: 0.007962/0.008068 --- updates C/G: 10/2
Epoch 68500 --- Time: 67.53s --- C loss: -0.003564 --- G loss: 12.236591 --- W gap: 0.003893 --- GP: 0.000033 --- C(real): -12.232849 --- C(fake): -12.236742 --- dy std real/fake: 0.035464/0.035275 --- dy mean real/fake: 0.007962/0.007939 --- updates C/G: 10/2
Epoch 68600 --- Time: 66.85s --- C loss: -0.003484 --- G loss: 12.248577 --- W gap: 0.003827 --- GP: 0.000034 --- C(real): -12.243587 --- C(fake): -12.247414 --- dy std real/fake: 0.035463/0.035537 --- dy mean real/fake: 0.007962/0.007921 --- updates C/G: 10/2
Epoch 68700 --- Time: 67.21s --- C loss: -0.003570 --- G loss: 12.251361 --- W gap: 0.003908 --- GP: 0.000034 --- C(real): -12.245477 --- C(fake): -12.249385 --- dy std real/fake: 0.035464/0.035635 --- dy mean real/fake: 0.007962/0.007857 --- updates C/G: 10/2
Epoch 68800 --- Time: 67.36s --- C loss: -0.003923 --- G loss: 12.256112 --- W gap: 0.004251 --- GP: 0.000033 --- C(real): -12.252158 --- C(fake): -12.256409 --- dy std real/fake: 0.035464/0.035232 --- dy mean real/fake: 0.007962/0.008024 --- updates C/G: 10/2
Epoch 68900 --- Time: 67.38s --- C loss: -0.004259 --- G loss: 12.276062 --- W gap: 0.004614 --- GP: 0.000036 --- C(real): -12.269842 --- C(fake): -12.274456 --- dy std real/fake: 0.035463/0.035517 --- dy mean real/fake: 0.007962/0.007910 --- updates C/G: 10/2
Epoch 69000 --- Time: 66.63s --- C loss: -0.003722 --- G loss: 12.268134 --- W gap: 0.004049 --- GP: 0.000033 --- C(real): -12.264782 --- C(fake): -12.268831 --- dy std real/fake: 0.035463/0.035520 --- dy mean real/fake: 0.007962/0.007996 --- updates C/G: 10/2
Checkpoint epoch 69000 saved --- selection score: 0.005673 --- std rel err: 0.001592 --- mean abs err: 0.000970 --- best epoch: 24000
Epoch 69100 --- Time: 63.93s --- C loss: -0.004693 --- G loss: 12.287066 --- W gap: 0.005027 --- GP: 0.000033 --- C(real): -12.281991 --- C(fake): -12.287018 --- dy std real/fake: 0.035464/0.035184 --- dy mean real/fake: 0.007962/0.007932 --- updates C/G: 10/2
Epoch 69200 --- Time: 65.73s --- C loss: -0.004439 --- G loss: 12.298994 --- W gap: 0.004786 --- GP: 0.000035 --- C(real): -12.296033 --- C(fake): -12.300819 --- dy std real/fake: 0.035464/0.035273 --- dy mean real/fake: 0.007962/0.007980 --- updates C/G: 10/2
Epoch 69300 --- Time: 65.43s --- C loss: -0.003959 --- G loss: 12.318303 --- W gap: 0.004315 --- GP: 0.000036 --- C(real): -12.313135 --- C(fake): -12.317450 --- dy std real/fake: 0.035463/0.035467 --- dy mean real/fake: 0.007962/0.007844 --- updates C/G: 10/2
Epoch 69400 --- Time: 65.66s --- C loss: -0.003628 --- G loss: 12.307237 --- W gap: 0.003979 --- GP: 0.000035 --- C(real): -12.305249 --- C(fake): -12.309228 --- dy std real/fake: 0.035463/0.035493 --- dy mean real/fake: 0.007962/0.008067 --- updates C/G: 10/2
Epoch 69500 --- Time: 66.35s --- C loss: -0.003464 --- G loss: 12.322822 --- W gap: 0.003804 --- GP: 0.000034 --- C(real): -12.319070 --- C(fake): -12.322874 --- dy std real/fake: 0.035463/0.035091 --- dy mean real/fake: 0.007962/0.007956 --- updates C/G: 10/2
Epoch 69600 --- Time: 66.47s --- C loss: -0.003969 --- G loss: 12.348628 --- W gap: 0.004329 --- GP: 0.000036 --- C(real): -12.345530 --- C(fake): -12.349859 --- dy std real/fake: 0.035463/0.035541 --- dy mean real/fake: 0.007962/0.007967 --- updates C/G: 10/2
Epoch 69700 --- Time: 65.96s --- C loss: -0.003501 --- G loss: 12.332915 --- W gap: 0.003859 --- GP: 0.000036 --- C(real): -12.329422 --- C(fake): -12.333280 --- dy std real/fake: 0.035463/0.035730 --- dy mean real/fake: 0.007962/0.007989 --- updates C/G: 10/2
Epoch 69800 --- Time: 66.39s --- C loss: -0.003665 --- G loss: 12.342702 --- W gap: 0.004006 --- GP: 0.000034 --- C(real): -12.340754 --- C(fake): -12.344760 --- dy std real/fake: 0.035463/0.035424 --- dy mean real/fake: 0.007962/0.007973 --- updates C/G: 10/2
Epoch 69900 --- Time: 67.04s --- C loss: -0.004033 --- G loss: 12.350628 --- W gap: 0.004367 --- GP: 0.000033 --- C(real): -12.348861 --- C(fake): -12.353227 --- dy std real/fake: 0.035463/0.034853 --- dy mean real/fake: 0.007962/0.008061 --- updates C/G: 10/2
Epoch 70000 --- Time: 66.08s --- C loss: -0.002843 --- G loss: 12.370302 --- W gap: 0.003175 --- GP: 0.000033 --- C(real): -12.365604 --- C(fake): -12.368779 --- dy std real/fake: 0.035463/0.035332 --- dy mean real/fake: 0.007962/0.007889 --- updates C/G: 10/2
Checkpoint epoch 70000 saved --- selection score: 0.006923 --- std rel err: 0.003715 --- mean abs err: 0.002063 --- best epoch: 24000
Loading generator from gan_model_overnight/generator_best
Evaluation hard-centering: OFF

Generator residual check (normalized space, x=0, centering=OFF):
  mean = 0.001069  (expected ~0)
  std  = 0.035852   (expected ~0.0354)

Running stochastic prediction ...
Saved det_rollout.png
Saved mean_std.png
Saved drift_diffusion.png
Saved conditional_dist.png
Saved covariance_spectra.png

All evaluation figures saved to ./gan_model_overnight
